bms_id,bms_name
0000000000,Gnome
1110000536,シプリアニ
1110000494,クレイマント
1110000328,テツノチカラ
1110000500,シーフユリユー
1120000017,ロードリージ
1110000923,テイツトフオアタツト
1110000575,ダラノーア
1110000385,マサタカラ
1110000449,ゴールドアロー
1110000367,マイナーズランプ
1110000670,バルビエリ
1110000645,アウトリガー
1110000457,チヤイナロツク
1110000535,ユアハイネス
1110000271,ロイヤルウツド
1110000731,テイトオー
1130000172,Relic
1130000100,Never Say Die
1110000453,テツソ
1110000273,トサミドリ
1110000801,ナデイア
1110001012,パヴエー
1110000576,パーソロン
1110000956,ダンスール
1110000419,ヒカルメイジ
1110000629,セダン
1110000812,レアリーリーガル
1110000409,ガルカドール
1110000305,アドミラルバード
1110000728,インデイアナ
1110000506,ガバドール
1110000795,テスコボーイ
1110000501,テユーダーペリオツド
1110000620,フイリユース
1110000872,エタン
1110000362,カリム
1110000894,マリーノ
1110000760,ベンマーシヤル
1110000173,ライジングライト
1110000052,グレーロード
1110000729,オンリーフオアライフ
1110000689,ムーテイエ
1110000609,キノー
1130000050,Cornish Prince
1130000112,Buckpasser
1130000664,Tim Tam
1130000366,Finnegan
1110000298,カネリユー
1110000477,コマツヒカリ
1110000876,サミーデイヴイス
1110000928,プリメラ
1110000493,モンタヴアル
1110000730,サウンドトラツク
1110000789,レベルコ
1110000922,フオルテイノ
1130000644,T.V.Lark
1110000799,フジオンワード
1110000056,リンボー
1110000805,アイアンリージ
1130000395,Gulf Pearl
1120000006,ハイハツト
1110000507,ガーサント
1130000362,Faux Tirage
1110000566,ワラビー
1130000441,Kythnos
1110000804,ナスコ
1110000492,ロイヤルチヤレンヂヤー
1110000741,グレイモナーク
1130000718,Young Emperor
1110001015,インターメゾ
1120000068,タカウオーク
1130000536,Petingo
1130000708,Welsh Abbot
1110000861,トピオ
1110000821,バーボンプリンス
1120000001,スピードシンボリ
1120000075,ステユーペンダス
1130000069,Sing Sing
1120000138,シーホーク
1130000353,Exclusive Native
1120000067,バルバール
1130000117,Pampered King
1130000721,Zimone
1110000744,フイダルゴ
1110000932,ソヴリンロード
1110000082,クリノハナ
1110000533,ダイハード
1110000857,ミンシオ
1130000018,Vandale
1110000961,ダマン
1130000581,Ribot
1110001030,ヒツテイングアウエー
1130000416,Hul a Hul
1110000626,ナスアロー
1110000993,フロリバンダ
1110000685,インフアチユエイシヨン
1110000361,ソロナウエー
1110000663,サムタイム
1110000149,フランクリー
1110000622,パナスリツパー
1120000007,グツドリー
1110000680,タマナー
1110000568,ネヴアービート
1110000800,ハードリドン
1130000351,Espresso
1130000108,High Treason
1110000687,ハツピーオーメン
1130000179,Abdos
1110000408,フエリオール
1110000936,ヴエンチア
1130000133,Behistoun
1110000798,ラークスパー
1110001029,ベルバリー
1130000150,Milesian
1130000152,Mossborough
1110000705,シンドン
1130000300,Crepello
1110000248,ハクリヨウ
1130000094,Nasram
1130000113,Ballymoss
1110000672,ラテイフイケイシヨン
1130000305,Dan Cupid
1110000585,アトランテイス
1110000743,ラパス
1130000174,Roan Rocket
1120000009,ネルシウス
1110000873,ロイヤルレコード
1120000134,ボールドリツク
1110000557,コダマ
1110000249,ボストニアン
1130000545,Porterhouse
1110000627,ボウプリンス
1130000090,Tudor Melody
1130000585,Rockavon
1110000368,オーブリオン
1110000618,ヴイミー
1130000271,Chief
1110000263,ヒンドスタン
1110000706,シンザン
1130000042,Coeur Volant
1130000122,Fair's Fair
1130000167,Le Fabuleux
1110000499,エイトラツクス
1110000816,ターキン
1130000251,Botticelli
1130000017,Val de Loir
1110000548,ヘリオス
1130000077,St.Chad
1130000420,Idomeneo
1120000073,ボンモー
1110000454,プライドオブキルデア
1130000528,Pardal
1130000640,Supreme Court
1130000415,Hugh Lupus
1110001013,フアバージ
1130000240,Blockhaus
1130000089,Tudor Minstrel
1110000161,ハロウエー
1110000505,アポツスル
1110000937,シエスキイ
1130000426,Jacinto
1130000696,Vieux Manoir
1120000010,ステインテイノ
1110000863,パーシア
1130000405,Herbager
1110000458,テイエポロ
1130000039,King's Troop
1110000253,トシハヤ
1110000534,イーグル
1130000709,Whistler
1110000865,アザーストーンウツド
1130000548,Powhatan
1130000393,Greek Episode
1130000484,Molvedo
1120000058,シルバーシヤーク
1110000930,ソレイユ
1130000257,Buisson Ardent
1110000976,ニホンピローエース
1110000754,フアラモンド
1130000705,Warfare
1110000959,ネプテユーヌス
1130000681,Tropique
1110000925,ロムルス
1110000255,ヤシママンナ
1130000378,Gala Performance
1130000647,Tamerlane
1110000742,シヤミエ
1130000161,Linacre
1120000289,フランキンセンス
1130000111,Busted
1110000796,ブランブルー
1110000407,ラツシー
1110000459,タリヤートス
1130000707,Weepers Boy
1110000013,トビサクラ
1130000524,Palestine
1110000264,ブツフラー
1130000686,Turn―to
1130000213,Auriban
1130000048,Grey Sovereign
1130000059,Santa Claus
1110000811,テインホイツスル
1110000921,ミラルゴ
1130000151,Major Portion
1130000523,Pago Pago
1110000148,トリプリケート
1110001010,セントクレスピン
1110000348,フソウ
1110000079,ライジングフレーム
1110000091,ゲイタイム
1130000570,Quorum
1130000279,Clarification
1130000028,Aureole
1110000697,スパニツシユイクスプレス
1130000337,El Relicario
1110000565,ラヴアンダン
1130000490,My Babu
1110000020,ミナミホマレ
1130000678,Traffic Judge
1130000181,Above Suspicion
1130000303,Curragh King
1130000506,Nicolaus
1110000326,パールダイヴアー
1130000675,Toulouse Lautrec
1130000522,Owen Tudor
1130000087,Double Jump
1110000254,ヤシマアポロ
1110000588,ハードウイン
1110000866,バーバー
1110000073,タカクラヤマ
1130000176,Worden
1110000538,アズマテンラン
1130000687,Tutankhamen
1130000068,Silly Season
1110000537,マーチウインド
1110000532,ニンバス
1110000962,バウンテイアス
1110000621,ザラズーストラ
1110000879,デイクタドレーク
1110001017,レイバーン
1110000960,リマンド
1130000105,Hard Sauce
1110000130,マルゼア
1120000029,フラツシユライト
1110000818,マタドア
1130000853,Olympiad King
1110000864,ワードパン
1130000851,Dewan
1130000603,Sayajirao
1110000330,ヤサカ
1110000337,ニユーバロー
1130000154,Ridan
1110000871,ロドリゴ
1130000527,Pappa's All
1110000299,メイヂヒカリ
1110000502,ゼモングース
1110000619,マロツト
1120000156,ガンボウ
1130000248,Bolero
1130000427,Jaipur
1110001016,セルテイツクアツシユ
1120000018,ラナーク
1110000460,ヴアルドアー
1110000195,シマタカ
1130000119,Pinza
1130000569,Quetzal
1110000900,ポリツク
1130000399,Happy Nasrullah
1110000997,プライアデイーズ
1110000587,エムローン
1120000004,モニター
1130000577,Reliance
1110000363,ゴールデンウエーブ
1110000878,ホワイトフアイア
1110000824,ヤマヒロ
1130000078,St.Paddy
1130000432,Khaled
1130000363,Fiftieth State
1130000428,Jay Fox
1120000271,ドレスアツプ
1130000611,Sicambre
1130000392,Gray Phantom
1110000473,クリペロ
1110000160,フルブルーム
1130000326,Dogger Bank
1130000065,Charlottesville
1130000082,Sovereign Path
1110000080,タークスリライアンス
1130000827,Dike
1130000137,Bald Eagle
1120000145,ダツパーダン
1130000062,Sea Bird
1130000557,Prince John
1130000247,Bold Ruler
1120000137,カウアイキング
1130000259,Bupers
1130000067,Shantung
1130000511,Nyangal
1110000386,タイヘイヨウ
1110000049,ホウシユウ
1110000096,月友
1110001065,グスタフ
1110000684,ルカンテイリアン
1110000669,アークテイツクヴエイル
1110000736,バリメライス
1110000666,シンオンワード
1130000410,Hillsdale
1110000716,バウンドレス
1130000601,Sallymount
1110000877,アイオニアン
1120000025,フオンタラバル
1110000406,スコツト
1130000019,Vaguely Noble
1110000831,マツチウオン
1110000860,セルテイツクソング
1130000584,Road House
1120000045,アローエクスプレス
1110000753,ハクズイコウ
1110000957,エクサー
1110000747,カシム
1110000364,ミツサクラ
1110001068,メイジシロー
1110000527,ヤマニンモアー
1110000624,ボンジユール
1130000064,Psidium
1130000262,Cambremont
1130000710,White Label
1130000414,Hopeful Venture
1120000133,オーバン
1130000063,Sheshoon
1120000077,クロケツト
1130000058,Salvo
1110000198,ハタカゼ
1110000344,ダイナナホウシユウ
1130000641,Swoon's Son
1130000040,King's Leap
1130000139,Bold Lad (IRE)
1130000610,Sica Boy
1110000883,ダイコーター
1110000815,アワバブー
1130000690,Tyrone
1130000342,Empire Way
1130000265,Castle Donnington
1130000244,Blueskin
1130000450,Le Tyrol
1130000458,Lord Gayle
1130000575,Red Mars
1130000573,Rashleigh
1130000175,Royal Orbit
1130000472,Match
1130000177,Wild Risk
1130000369,Fleet Nasrullah
1130000646,Tamao
1130000162,Reform
1130000214,Babur
1110000875,ダツパー
1130000341,Empire Ruler
1130000717,Young Christopher
1110000520,ウイルデイール
1130000529,Pardao
1110000584,ロイヤルステイング
1130000054,Sir Ivor
1130000159,Ragusa
1120000084,スノツブ
1110000884,メジロサンマン
1110000314,オートキツ
1110000153,キングライト
1130000572,Raise You Ten
1110000735,オーシヤチ
1110000352,フアストロ
1110000859,タイガー
1110000497,インターナシヨナル
1110000802,シママサル
1110000552,インペリアル
1110000964,ダイパレード
1120000042,コントライト
1110000874,ケリー
1130000135,Hornbeam
1110000817,ウエツデイングプレゼント
1130000349,Epaulette
1110000331,カバーラツプ二世
1110001043,ゴールデンプルーム
1110000432,カツトシ
1110000665,トサリユウ
1130000375,Francis S.
1130000200,Ambiorix
1130000423,Intent
1130000086,Double Jay
1130000041,Gallant Man
1130000560,Pronto
1130000199,Ambiopoise
1130000255,Bryan G.
1130000379,Galivanter
1130000032,Karabas
1130000791,Damascus
1130000130,Promised Land
1120000028,シヤトーゲイ
1130000580,Restless Native
1110001067,テストケイス
1130000794,Royal Serenade
1130000225,Beau Purple
1130000398,Hail to Reason
1130000317,Determine
1130000583,Rising Market
1130000171,Red God
1130000219,Barbizon
1130000716,Yatasto
1130000558,Princely Gift
1130000131,Hasty Road
1120000064,リボツコ
1120000074,スカイマスター
1130000689,Typhoon
1130000095,Narrator
1130000434,King of the Tudors
1130000223,Be Friendly
1120000352,ハーデイカヌート
1130000352,Exbury
1130000316,Derring―Do
1130000168,Le Levanstell
1110000623,ジヤヴリン
1130000822,Grey Ghost
1130000285,Con Brio
1130000495,Natural Bid
1130000079,Sobig
1130000360,Faristan
1130000498,Nearula
1130000622,Songkoi
1110000006,シーマー
1110000466,カツラシユウホウ
1130000123,Forearmed
1130000182,Acropolis
1130000129,Prince Taj
1110000168,ブリツカバツク
1130000365,Fine Top
1110000682,ユキロウ
1130000298,Crafty Admiral
1110000567,サンプルーフ
1130000239,Bleep―Bleep
1110000671,ジルドレ
1130000116,Pall Mall
1110000945,ゴールデンパス
1110000931,プリンシパルボーイ
1130000554,Prince Bio
1130000343,Endeavour
1130000422,In the Corner
1130000559,Princequillo
1120000221,トンピオン
1130000157,Right Royal
1130000005,Aggressor
1110000833,キングスベンチ
1130000333,Dual
1130000633,Summer Fair
1130000081,Sovereign Edition
1130000320,Djebe
1130000269,Chanteur
1120000005,スパイウエル
1130000274,Chinchilla
1130000662,Tiber
1120000012,シユーテイングチヤント
1110000636,メイズイ
1110000690,ヤマトキヨウダイ
1130000163,Luthier
1110000745,ヴイゴー
1130000215,Bagdad
1110000893,グレートヨルカ
1130000060,Zamazaan
1110000546,ハクシヨウ
1110000933,ミステリー
1110000868,テインキング
1120000016,フアーザーズイメージ
1130000312,Delta Judge
1110000150,ブラツクウヰング
1130000099,Native Prince
1130000037,Cambremer
1130000413,Honeyway
1130000798,Great Nephew
1130000448,Le Prince
1130000582,Rigoberto
1110001083,ペトロス
1130000180,Aberdeen
1110000610,カネツセーキ
1110000635,リユウフオーレル
1130000030,Kashmir
1130000825,Amber Tide
1110001014,マニツクス
1130000345,Ennis
1130000155,Right Tack
1110000880,ミシアーフ
1130000837,In Zeal
1130000459,Lorenzaccio
1110000055,ウイザート
1110000867,フイニツクスバード
1110000491,ズクロ
1120000418,アンバーラマ
1130000010,Alcide
1130000551,Premonition
1110000461,オーロイ
1130000250,Borealis
1110000862,アーコー
1130000719,Your Host
1130000588,Roman Colonel
1110000806,ニルコス
1130000391,Gratitude
1110000952,シヨウグン
1110000529,ホマレボシ
1130000730,Pan
1130000394,Grey Dawn
1130000088,Double―U―Jay
1130000173,Relko
1130000066,Charlottown
1110000435,ライジングウイナー
1130000626,St.Alphage
1130000425,Jacambre
1130000241,Blue Peter
1130000455,Llanstephan
1110001069,タニノムーテイエ
1110001028,アラナス
1110001063,ナツシングヨルカ
1110001039,ボールドアンドブレーヴ
1130000249,Boran
1120000014,ロイヤルタタン
1130000444,Le Filou
1130000576,Rejoicing
1130000688,Twilight Alley
1130000598,Rustam
1110000482,グローリーホワイト
1110000892,ノーアリバイ
1110000785,メジロカツザン
1120000020,バクーコウ
1110000571,マツカゼオー
1120000019,プロント
1130000547,Power House
1130000004,Agricola
1130000075,Swaps
1130000216,Bally Royal
1130000516,Olympia
1130000671,Tom Rolfe
1120000087,アステツク
1130000373,Forli
1140000394,Parthia
1130000886,Irish Lancer
1130000897,Errard King
1130001156,B.Major
1130000887,Parral
1130000307,Darius
1140000492,Skymaster
1130000505,Nice Guy
1130000188,Agitator
1130000895,Three Bagger
1130000891,Royal Levee
1130000890,Royal Stepper
1130000563,Prove It
1130000893,Everetts Pride
1130000770,Hill Prince
1130000892,Colorado King
1130000745,Mongo
1130000169,Raise a Native
1130001186,Graustark
1130000888,Bernburgoo
1130000098,Native Charger
1130000889,Star Chief
1130000492,Nashua
1130000894,Yorktown
1130000487,Mr. Busher
1130000476,Messmate
2110001058,キタノダイオー
5110000304,ミネフジ
5110000439,ハマノオー
5110000887,バラセイユウ
5110000417,ギンパイ
5110000379,セントモレナ
5110000414,オウゴンラツシー
5110000380,セイユウ
5110000638,トウシヨウ
5110000708,オーギ
5110000521,玲景
5110000332,カンダオー
1110001027,バルダスト
5110000218,ニユーバラツケー
5110000381,ダイゴ
5110000525,ホールインワン
5110000539,セイコオ
5110000564,タツバラツケー
5110000756,ルーニー
1110000416,ハクチカラ
5110000550,センジユ
5110000738,エルシド
5110000274,ホースニユース
5110000378,トモスベビー
1110000390,カミサカエ
1110000807,コレヒデ
5110000519,キクミノリ
5110000396,タカトシ
5110000654,マスホマレ
1110000686,バロダグリーム
5110000794,ニホンゴー
5110000265,サチミノリ
1110000010,トシシロ
5110000616,ミヤマシユーホー
5110000377,リキスベビー
5110000441,ムサシキング
5110000333,ケンチドリ
1110000963,ナイトアンドデイザセカンド
1130000231,Better Boy
1110000634,シモフサホマレ
1130000835,Vibrator
1130000790,Flit―to
1130000699,Vinci
1130000101,Never Bend
1130000567,Quadrangle
1130000007,Abernant
1120000069,トラフイツク
1130000073,Jolly Jet
1110000929,プリヴイカウンシラー
1110000315,ケゴン
1130000071,Jester
1110000468,オンワードゼア
1110000341,フアイナルスコア
1110000442,ミネオー
1130000486,Mountain Call
1130000197,Alycidon
1120000085,ヴイエナ
1130000397,Habitat
1130000685,Turn to Reason
1110001038,シンカードン
1130000234,Bey
1130000535,Persian Gulf
1120000024,ルイスデール
1130000156,Right Boy
1130000146,Mandamus
1130000084,Dark Tiger
1130000694,Varano
1130000280,Coaltown
1120000011,スーパーサム
1130000804,Tambourine
1130000318,Dickens
1130000132,Henry the Seventh
1130000615,Smokey Eyes
1120000027,タンデイ
1120000013,ハーケン
1130000712,Will Somers
1130000491,Nagea
1110000342,ヘキラク
1130000085,Darling Boy
1120000002,ハイケーレツド
1130000607,Seven Corners
1110000969,タケシバオー
1130000400,Harleigh
1130000846,Gold Sovereign
1130000460,Lucky Mel
1110000226,ハイレコード
1130000856,Lucky Debonair
1130000606,Set Fair
1130000120,Firestreak
1110000926,アングロアメリカン
1110000882,カナデイアンチヤンプ
1110000917,リユウフアーロス
1110000366,トパーズ
1110000174,アサトモ
1130000860,Rainy Lake
1130000852,In Reality
1130000861,Beau Brummel
1130000857,Prince Regent
1130000330,Donut King
1110000302,アサクニ
1130000657,The Pie King
1130000273,Chieftain
1110000122,ミツハタ
1130000115,Patron Saint
1120000021,グレートホワイトウエー
1130000093,Track Spare
1120000050,シーズコマンド
1130000847,New Chapter
1120000078,ダンシングキヤツプ
1130000630,Stipulate
1130000127,Blakeney
1130000348,Envoy
1130000669,To Market
1130000842,Ruken
1130000474,Melanion
1130000407,High Perch
1130000564,Prudent
1130000600,Sailor
1120000151,プリンスロイヤル
1130000143,Majestic Prince
1130000056,Silent Screen
1120000219,ダイアトム
1130000263,Candy Cane
1130000083,Tanerko
1110000630,コレヒサ
1130000121,Fighting Charlie
1130000515,Oise
1130000818,Polmak
1110000530,チユダードール
1110000483,オーテモン
1130000537,Petition
1130000145,Manacle
1130000445,Le Haar
1120000501,ソーブレスド
1110000489,ヤシマチヤペル
1130000401,Hasty Cloud
1130000695,Vibrant
1130000624,Sovrango
1130000742,Iron Peg
1130000382,Gigantic
1110000628,グランドタイム
1130000483,Misty Day
1110001026,シオン
1130000591,Royal Avenue
1130000370,Floriados
1130000097,Neanderthal
1130000616,Snark
1130000106,Hard Tack
1110000924,ネヴアードウエル
1120000031,アイグル
1130000377,Frontin
1130000469,Martial
1130000855,Chaparral
1130000220,Battle Joined
1120000146,イエローゴツド
1130000850,On Your Mark
1120000459,ゼダーン
1130000670,Tom Fool
1130000859,Unconscious
1130000776,Sigebert
1130000783,Mameluke
1130000507,Nilo
1110000782,ウメノチカラ
1130000834,Sky Gipsy
1130000102,Northern Dancer
1130000594,Royal Palm
1130000387,Golden Horus
1110000289,キンコウ
1120000046,ソデイアム
1130000863,Caro
1120000022,フイルモン
1110001042,キングナスルーラー
1130000103,Northfields
1130000222,Bazille
1130000038,King Emperor
1130000291,Count Amber
1130000501,New Policy
1130000637,Sunny Boy
1130000642,Sword Dancer
1130000091,Terrang
1130000299,Creme dela Creme
1120000063,ボールドアンドエイブル
1130000368,First Landing
1130000494,Native Dancer
1130000508,Noholme
1130000419,Iceberg
1130000118,Hill Rise
1130000493,Nasrullah
1130000830,Globemaster
1130000430,Johns Joy
1130000684,Tulyar
1130000437,Klairon
1130001113,Roi Dagobert
1130001114,Diplomat Way
1130000055,Sir Gaylord
1130000627,Stage Door Johnny
1130001163,Nashville
1130000266,Cavan
1130000096,Nijinsky
1130001360,Copernic
1130001370,Nearco Blue
1130001213,Neckar
1110000410,ワンタイム
1110001050,シーカー
1130000124,Hook Money
5110000790,リキスユリ
5120000025,トモステルミ
5110000503,リユウユウ
5110000448,カブトスイホウ
1110001055,アバーナントニセイ
5110000383,タイカン
5110000415,サーテインオー
1110000221,アヅマライ
5110000451,オールダービー
1120000030,シーフレンド
5110001024,マルブツセンター
5110000216,方景
5110000446,シユンエイ
5110000886,ロクジユ
5110000438,ホシヒカリ
5110000476,タカクラホマレ
1110000156,セントオー
5110000637,タカフミリユウ
5110000429,サンチヤゴ
5110000828,タガミホマレ
5110000617,ハヤフレーム
7110000202,円光
5110000625,ライジングホース
5110000372,タツトモ
1110000191,イブキヤマ
1110000398,カネエイカン
5110000903,ガマセイユウ
1110000591,ハローモア
5110000393,マルキシオー
5110000611,トモカゲオー
5110000484,ダイサンコウジ
1120000106,エリモホーク
1120000072,ニクサー
1120000008,ズグ
1130000128,Breakspear
1120000132,ラム
1130000193,Alcimedes
1120000023,スターアツフエアー
1130000406,Hethersett
1130000711,Wilkes
1120000054,タケデンボー
1120000139,タレイラン
1130000701,Vitriolic
1120000159,フアーストフアミリー
1130000652,Tenerani
1130000336,Edellic
1130000052,Convamore
1130000046,Crimson Satan
1130000057,Sassafras
1120000160,イースタンフリート
1130000840,Hawaii
1120000209,エリモカツプ
1120000142,サンシー
1130000126,Blast
1110000558,ケンマルチカラ
1130000602,Sanctus
1130000184,Admiral's Voyage
1130000170,Reviewer
1110000349,マサムネ
1130000232,Better Honey
1120000057,ペール
1130000136,Hotfoot
1110000559,クリガム
1130000418,I'm For More
1130000029,Carlemont
1130000780,Vertex
1130000302,Crozier
1120000154,エルセンタウロ
1130000289,Correlation
1130000810,Flag Raiser
1120000086,ダデイダンフイ
1110000808,チトセオー
1110000512,メイタイ
1130000812,Wolver Hollow
1120000170,ウエンセスラス
1120000169,レツドイーグル
1120000136,アレツ
1130000465,Magistris
1120000038,カネハヤテ
1110001025,エルギヤロー
1130000534,Persian Garden
1130000074,Supreme Sovereign
1130000158,Round Table
1130000715,Windy Sea
1130000858,My Swanee
1110000953,テツノオー
1130000185,Advocator
1130000346,Entente Cordiale
1130000144,MacArthur Park
1130000164,Loom
1130000134,Bel Baraka
1130000284,Compensation
1120000066,フリートウイング
1130000832,Continuation
1130000287,Connaught
1120000062,ラデイガ
1130000481,Migoli
1110001080,ジヤストホイツスル
1130000762,Bucks King
1130000309,Decathlon
1130000866,Good Counsel
1130000340,Emerson
1130000034,Gun Shot
1110000752,ワイルドベイ
1110001066,シアイボーイ
1130000166,L'Epinay
1130000737,Todman
1130000844,Beau Alibi
1130000751,Stunning
1120000060,サデシアス
1130000849,Harambee
1130000865,Arts and Letters
1130000868,Tudor Grey
1120000124,アストラルグリーン
1130000667,Timmy Lad
1120000141,プルバン
1130000568,Queen's Hussar
1130000026,All Hands
1110000825,ザーストン
1130000409,Hillary
1110000436,ダブルマーク
1120000061,ウイロウイツク
1120000056,ライオンハーテツド
1120000003,リユウズキ
1130000680,Trictrac
1130000743,Fleet Host
1120000076,アーサー
1120000164,タパルク
1110000193,ヒロサクラ
1130000408,Hill Gail
1120000166,ラフインゴラ
1110000780,テライチ
1130000782,Sundown
1110000181,クモハタ
1130001381,Dedimoud
1130001383,Tapuia
1130001220,Sky High
1130000024,Olden Times
1130001545,Literat
1130001547,Serenader ･
1130001567,Rich Gift
1110000540,メジロオー
1110000633,ボールドゲーリー
5120000098,ヨシノセンジユ
5110001046,ビツグスリー
1110000681,リユウライト
5110000563,チカラガネ
5110000282,ミキノヒカリ
5110000640,トウキンコー
1110000602,ライジングマサル
5120000014,クモシマ
5110000711,マサユウ
5110000354,フクパーク
5110000981,ゼネラルパーク
5110000814,ダイリン
5110000653,シユウボー
5110000775,アデルバウエル
5120000048,スカレー
1110000560,キヤプテンテイム
5110000983,トルテツク
5110000068,ズイウン
5110000679,セイフウ
5110000975,タケダヒカル
5110000749,コウシンダケ
5110001045,ジエスリー
5110000162,アシヤガワ
5110000131,ゴウチヨク
5120000027,ムツミシゲル
1120000096,バリモスパワー
5110001048,キクマサ
1120000149,ミンスキー
1130000114,Pakistan
1130000587,Rocky Thumb
1120000162,アンバロイド
1120000155,モデルフール
1130000806,Gentle Art
1130000147,Midsummer Night
1120000207,ラツサール
1120000229,ボールドコンバタント
1130000235,Big Game
1120000101,クリシバ
1120000147,ドン
1120000240,デイバインギフト
1110001009,オンワードヒル
1130000138,Bold Bidder
1120000051,ニアルカス
1120000161,ザペイシエント
1130000813,Ragtime
1120000194,パインポイント
1110000935,ヘンリーヒギンズ
1120000115,カナデル
1120000430,ボールドラツド　（ＵＳＡ）
1130000243,Blue Tom
1130000792,Lt. Stevens
1130000553,Pretendre
1130000518,One―Eyed King
1130000296,Court Martial
1130000739,Reneged
1130000512,Ocarina
1120000150,ビービービー
1130000566,Punchinello
1120000175,ケンポウ
1130000500,Net
1120000157,ダストコマンダー
1110000847,アサデンコウ
1120000171,クリスタルボール
1110001078,クリロイス
1120000071,アカネテンリユウ
1110000594,オンスロート
1130000814,Gustave Dore
1120000091,ワイルドモア
1120000224,ホーント
1130000301,Crest of the Wave
1120000143,アフレスコ
1130000270,Chatsworth
1130000829,Alcibiades
1120000250,トキワタイヨウ
1110000944,ヒロイサミ
1110001019,ロダン
1130000867,Laugh Aloud
1120000083,シヤラプール
1120000228,レボウ
1120000215,タイテエム
1120000158,バツクストツパー
1110000889,アドミラル
1120000220,ボールドアンドフリー
1120000222,モバリツズ
1120000197,フアストバンブー
1130000785,Small Time
1130000204,Antonio Canale
1130000833,Wildsun
1120000261,ヒデハヤテ
1120000499,ダンサーズイメージ
1120000252,ハイセイコー
1120000043,ルヴアルマラール
1130000700,Violon d'Ingres
1130000628,Star Gazer
1120000152,ノーレアセ
1130000800,Hill Clown
1130000871,Shoemaker
1120000114,フアリングドン
1130000541,Pilgrims Journey
1110000427,サアハリースター
1120000088,レイザン
1130000477,Middle Brother
1130000666,Times Roman
1120000065,ロイヤルドリマー
1130000533,Periwinkel
1120000165,イエラパ
1130000760,Oncidium
1130000025,Old Soldier
1130001020,Bold Reason
1130000593,Royal Palace
1120000172,デユール
1130000201,Amerigo
1130001507,Star of Heaven
1130001509,Bold Hour
1130001542,Bosun
1130001549,Sea Hawk
1130000586,Rockefella
1130001566,Primera
5110000589,スタツクオー
5110000855,チカライチ
5110000725,ムサシトツプ
5110000524,イチヤマヒカリ
1110000691,ヒカルポーラ
5120000088,フーフオレー
5110000696,ガルカオー
5110000051,タマツバキ
5110000947,マスタング
5120000075,ピンクフロイド
5110000676,アスタリー
5110000701,ルサルス
5120000056,ドルマン
5110000901,マラテスタ
5110000471,トキノコエ
1120000334,ミリオンパラ
1130000870,Mr. Leader
1120000026,ユーロパワー
1120000223,アイリツシユボール
1120000298,クレバーフエラ
1120000227,ラバージヨン
1120000302,ジヨツギング
1120000335,レイズアボーイ
1120000291,ノーザンテースト
1130000267,Chamossaire
1130000478,Midnight Sun
1130001153,Lyphard
1130000332,Doutelle
1120000238,トモエオー
1120000282,トライバルチーフ
1110000667,グレイトスタン
1130000826,Tai Shan
1110001041,バダクシヤーン
1120000189,ヒデチカラ
1130001008,Sandford Lad
1120000244,ロングエース
1130000720,Zeus Boy
1120000109,ランドオーカン
1120000285,シユプリームギフト
1130000072,Jefferson
1120000610,レツドアラート
1130000335,Duvidal
1130000208,Arctic Prince
1120000233,グレートオンワード
1120000140,ロンバード
1130000008,Apalachee
1130000142,Mount Hagen
1120000498,サテインゴ
1130001352,Sharp Edge
1130001355,Song
1130000752,Pundit
1130000768,Mighty Gurkha
1130000290,Counsel
1130000821,Tambel
1130001003,Gleaming
1130000006,Ack Ack
1110000834,バリモスニセイ
1120000095,ミズホ
1130000440,Kurdistan
1130000347,Enviado
1130000443,Lauso
1120000153,リブリボー
1130000076,Secretariat
1130000869,Pia Star
1130000160,Researching
1120000035,アマノガワ
1120000121,パールトン
1120000292,ダンデイルート
1130000540,Pieces of Eight
1110000971,ヒカルタカイ
1130001526,Outing Class
1120000649,ミシシツピアン
1130000424,Intentionally
1120000308,フアルコン
1130000625,Spy Song
1130001540,To Market
1130001189,Better Bee
1110000940,ニツトエイト
1110000732,アサホコ
5110000639,テツカントウ
5120000007,ハンサムボーイ
5120000080,カステイコ
1110000607,オンワードスタン
5120000142,ライバキング
5120000079,バルダラン
5110000522,ヤマジヨー
5110000480,イチタカミツ
5110000694,ホワイトキング
5120000028,トヨバンダイ
1120000260,ダービーメルド
5120000138,タイムライン
5110000595,タカラガワ
1110000579,シーザー
5110000776,ビンゴ
5120000102,ナルビハヤテ
5120000077,アリオワ
1110000848,カブトシロー
1120000148,ホイスリングウインド２
1120000361,キングスカンパニー
1120000296,ベイラーン
1120000315,ナニワライト
1120000295,ムーリン
1130001356,Little Current
1120000225,ワイルドウインター
1120000329,キタノカチドキ
1140000532,Takawalk
1130000789,Raeburn
1140000224,High Hat
1140000568,Venture
1140000259,Just Whistle
1120000379,フジノパーシア
1120000288,クロマニヨン
1130000805,Assagai
1110000284,エイシユン
1110000938,ヒシマサヒデ
1120000082,リキエイカン
1140000143,El Centauro
1140000494,Snob
1120000286,サーペンフロ
1140000477,Sea Hawk
1130000196,Althrey Don
1140000598,Zeddaan
1120000110,メジロアサマ
1140000843,Floribunda
1120000287,リツチボーイ
1130000761,Mourne
1120000163,ゲイサン
1140000011,Amber Rama
1140000244,Iron Liege
1140000023,Baldric
1140000571,Vienna
1120000322,タニノチカラ
1140000485,Silver Shark
1130000639,Sunrise Flight
1130000217,Ballylinan
1140000017,Astec
1140000458,Romulus
1140000830,Sovereign Lord
1140000446,Ribocco
1110001018,アーダバン
1140000468,Saint Crespin
1120000210,エリモシルバー
1140000218,Hauban
1120000275,サーグラウスターク
1140000439,Ratification
1130001402,Groton
1120000130,マイフラツシユ
1120000080,エンドレスハネー
1110001036,モンタサン
1120000277,オンワードガイ
1130000841,Tirreno
1140000326,Miralgo
1140000058,Bon Mot
1130000107,Hermes
1120000196,フジプリンス
1120000241,イシノヒカル
1140000820,Tesco Boy
1110000541,タカマガハラ
1110000335,モリマツ
1120000144,グレートヘロン
1140000504,Sound Track
1130000878,Raja Baba
1140000161,Fathers Image
1140000024,Barbare
1120000231,ハクホオシヨウ
1120000255,グロリアスオー
1120000131,ザポテコ
1140000144,El Gallo
1140000141,Dust Commander
1130001006,Dancer's Image
1140000605,Ben Lomond
1130001405,Val de l'Orne
1130000149,Mill Reef
1120000311,エリモシブレー
1120000254,ランドジヤガー
5120000003,サトウタイシ
5110000643,トウシ
5120000145,サンコオーテツト
5120000166,プレシヤスゴールド
1110000664,ドーナンイチ
5110001072,リユウデンコー
5110000347,トシヒロ
5120000192,イチターフ
7110000988,ジゴロ
5120000104,ブルーグローリー
5110000675,テツノオーザ
5110000724,ホウシユウマサル
5120000045,アサヒマロツト
5120000010,プンジヤブ
5110001071,シンタカラフオード
1110000320,セフトワイ
5120000008,タヤギグレート
1120000382,ダムウエイタ
1120000307,アラングランジユ
1120000347,ハードツービート
1120000299,フイリツプオブスペイン
1120000397,ジムフレンチ
1140000594,Yellow God
1120000376,トキワミドル
1120000365,インターグツド
1140000201,Gun Bow
1120000284,テユデナム
1120000319,ヨドヒーロー
1110000699,オリオンホース
1120000354,ホープフリーオン
1120000415,マルゼンスキー
1130001382,Ribet
1140000113,Dapper Dan
1120000348,ツイツグ
1120000270,ムーンマウンテン
1120000306,フアナテイコ
1120000257,インタープライド
1120000300,グツドウツド
1130001364,Shecky Greene
1120000090,ケンサチオー
1140000461,Royal Record
1120000353,シンギングビード
1120000226,バツクマスター
1140000907,Sammy Davis
1120000423,シルバーランド
1120000345,シヤイニングナイト
1140000839,Monitor
1120000411,フアーストドーン
1140000180,Gabador
1130000738,Helioscope
1130001162,Empery
1130000828,Huntercombe
1130001164,Wajima
1130001532,Lt. Stevens
1130001531,Court Recess
1130000876,Proudest Roman
1130000036,Candy Spots
1140000551,Tompion
1120000113,モンテセロ
1120000234,マイハート
1140000854,Dicta Drake
1120000406,オーバーサーブ
1140000428,Prince Royal
1130000799,Tudor Music
1130000620,Solidarity
1120000425,ボイズイーボーイ
1120000206,デモンパス
1130000254,Breughel
1120000405,コインドシルバー
1120000314,コーネルランサー
1120000420,ダーリングデイスプレイ
1120000245,ゼンマツ
1120000414,トウシヨウボーイ
1120000180,スインホウシユウ
1140000315,Matador
1120000129,ニホンピロムーテー
1120000362,シリコーン
1140000173,Fortino
1140000497,Sodium
1130000884,Torsion
1120000417,リベロ
1120000301,カピト
5120000163,ルクリ
5120000076,プルコワパス
5110000982,ハヤチネヤマ
1110000987,シヤイニングヨルカ
5110000403,フジミナト
5110000590,タカシヨウ
5110000978,ホマレマンナ
5120000055,トツプホース
5120000205,ホクトライデン
5110000600,ミトタカラ
5120000042,トスカイ
1140000213,Hardicanute
1120000267,リボオール
1120000421,ラツキーソブリン
1140000382,Only For Life
1120000349,カラード
1120000463,ステイールハート
1120000408,ノースオブザロー
1130000862,Bourbon
1140000380,On-and-On
1120000297,ソヴリングリーム
1120000486,ノーザンネイテイヴ
1120000456,ヴアイスリーガル
1130001653,Thatch
1130000885,L'Enjoleur
1120000426,クラウンドプリンス
1120000444,ナイスダンサー
1140000741,Welsh Pageant
1130001353,Satingo
1120000195,ピツチアウト
1130001538,Lucky Mike
1120000404,ハンザダンサー
1120000283,プリンスリーマウント
1120000458,サンプリンス
1120000474,パーソナリテイ
1120000447,フレアリングダンサー
1120000320,ナオキ
1140000509,Spy Well
1120000410,フオワードパス
1120000105,フエイヴオリツトバード
1120000372,カブラヤオー
1120000174,メジロムサシ
1120000457,ハンターコム
1130001556,Full Pocket
1130001359,Stop the Music
1120000398,ブリニス
1120000440,ノーザリー
1110000927,マリーニ
1140000175,Frankincense
1120000328,インターブレイン
1110000972,キヨウエイヒカリ
1130000823,Pincio
1120000246,タケホープ
1120000049,ダテホーライ
1120000399,デヴイシアツク
1120000378,カミノテシオ
1130001539,Search for Gold
1140001096,Gaelic Dancer
1130000836,Bold Hitter
1140001312,Vertexas
1120000053,アシヤフジ
5110000692,カゲリユウ
5120000041,ガリト
5120000183,フジホウオウ
5110000985,ホワールウインド
5120000186,トキノエイユウ
5120000196,ビユーアルデ
5110000739,ゴールドバンカー
5120000167,アキバヤマ
5120000126,アステイングドウ
5120000078,フロルア
5120000132,ポートスーダン
1120000237,ストロングエイト
1120000212,ダイゴウ
1120000465,マラケート
1120000462,デイープダイバー
1120000449,ミルジヨージ
1120000419,マイスワロー
1120000509,キヤタオラ
1130001422,Artaius
1120000511,ハビトニー
1120000325,トルーエクスプレス
1140000821,Nishapour
1120000506,トランスアランテイツク
1120000522,ジヨンテイオンブル
1120000460,ゲイルーザツク
1120000445,ノーザンアンサー
1120000431,ヤマニン
1130001010,Green God
1120000515,ラインゴールド
1120000475,ゼロフアイター
1120000512,ブラヴオー
1120000500,リアルム
1120000441,ノーザンデイクテイター
1120000293,オランテ
1120000290,ホークイクスプレス
1120000015,ジヤングルプリンス
1120000198,リクダイニチ
1130001372,Roberto
1120000484,フアインポート
1120000502,リイフオー
1130001420,Nonoalco
1140000262,Kauai King
1120000466,マグニテユード
1120000305,フイデイオン
1130000877,Key to the Mint
1140000818,Time Tested
1130001512,Big Spruce
1120000416,カーネルシンボリ
1120000446,シヤンペンチヤーリー
1130001530,Mummy's Pet
1120000517,パーシイコ
1120000477,マダング
1120000510,キングオブダービー
1120000504,ロイヤルスキー
1120000443,オフイスダンサー
1120000461,アレグザンダザグレイト
1120000239,グリーングラスグリーン
1130001421,Alleged
1140000737,Val de I'Orne
1120000452,トリデジヨウ
1120000377,ツキサムホマレ
1120000453,サンシヤインボーイ
1120000469,ボールドシンボリ
1120000476,ピツトカーン
1120000535,ロングフアスト
1140000057,Bold Lad (USA)
1140000689,Northern Answer
1140001211,Glossary
1140001307,Brahms
1140001356,Raise a Cup
1140000739,Viceregal
1120000366,スガノホマレ
5120000198,ヤングジヨオー
5120000152,スーパーライト
5120000081,テイモテオ
5120000097,フクセンシヨウ
7120000005,ゴールデンフユーチヤフアイア
5120000127,トウスイホープ
5120000073,カステイラツク
5120000242,タロー
5120000170,スマノダイドウ
5120000083,ケイシヨウ
5120000089,アニス
5120000106,ジヤズ
5120000053,アサテンリユウ
5120000228,グレートライヒ
1110000951,メジロタイヨウ
5120000050,ブルシヨワ
5110000695,イチカツ
5120000019,サンコオーオーザ
5120000180,ホマレリユウ
1120000390,シルバーネロ
1120000516,サンフオードラツド
1120000167,トレンタム
1120000413,ニユーサント
1120000571,ダイタクオーザ
1120000473,ヤマニンベスト
1120000507,ブレイヴエストローマン
1120000464,グレンターレツト
1120000182,ダテテンリユウ
1120000485,フエートメーカー
1140000908,Be My Guest
1140000909,High Top
1140000124,Diatome
1130001511,Blushing Groom
1130001418,Solinus
1120000508,サドンソー
1130001537,Brigadier Gerard
1120000524,ウエスタンウインド
1120000587,フアイブワン
2120000005,ニユーカイモン
1130000882,Master Hand
1140000274,Lanark
1130000061,Seaneen
1120000597,スイフトスワロー
1140000682,Mr. Leader
1120000557,イングリツシユプリンス
1120000493,フエアスポート
1120000438,バンブトンシエード
1120000472,ネヴアーダンス
1120000556,モガミ
1120000901,ゲイメセン
1120000135,ロータスイーター
1130001533,Forceten
1130000003,Irish Ruler
1140000954,Soy Numero Uno
1140000914,Honey Jay
1140000958,Cipol
1130001555,My Gallant
1140000959,Sham
1130001330,What a Pleasure
1130001534,Super Concorde
1120000525,ソルテインゴ
1130000224,Beau Prince
1130001517,Run the Gantlet
1120000487,デイードオブギフト
1120000435,レツクスレンジヤー
1120000450,アークテイツクフラツシユ
1120000562,シンバー
1120000527,レイズユアスピリツツ
1120000538,グリーングラス
1130001557,Triple Bend
1120000505,ニゾン
1130000080,So Blessed
1120000318,テスコホマレ２
1120000262,メジロゲツコウ
1130000872,Foolish Pleasure
1140001487,Noble Decree
1140001067,Arctic Tern
1130001423,Royal Ski
1140001597,Hunka Papa
1140001600,Head Over Heels
1140001604,Seventh Hussar
1140001610,Acharacle
1140001174,Bustino
1130001620,Nodouble
1130000772,Showdown
1130000764,Hot Spark
1120000400,アイフル
5120000074,デオムアン
5110000791,ゴルトエース
5120000222,イナリタイヨー
7110000683,海秀
5110000750,バウエル
5120000123,タランドロス
5120000002,アオスター
5120000016,モンクール
1120000052,サラセンソード
1120000479,スピリツトスワプス
1120000402,ライジン
1140001430,Irish River
1120000567,シヤレー
1120000558,ターゴワイス
1140000937,Bargain Day
1120000555,デイクタス
1120000549,ヘイルトウサクセス
1120000577,サクラシヨウリ
1120000632,ヤマニンスキー
1120000613,ウオロー
1140000945,Cox's Ridge
1140000946,Top Command
1120000448,ルボデユール
1120000566,フロステイエスキモー
1130001209,Djakao
1120000624,ホクトプリンス
1120000532,タニノフエバリツト
1120000375,ホワイトフオンテン
1120000536,インターグシケン
1120000374,サチモシロー
1120000578,プレストウコウ
1120000526,ターネンバーグ
1140001111,Cavo Doro
1140000733,Targowice
1120000514,ゴーマーチング
1120000554,ジヤツジヤー
1120000350,コシエクトーン
1120000550,モーニングフローリツク
1120000294,リンデントリー
1120000409,フアインフイトル
1120000513,コリムスキー
1120000529,ホクトボーイ
1120000547,トウシヨウゲート
1120000395,ウエスタンリバー
1120000559,ダイナゴー
1140001166,Storm Bird
1140000970,Repicado
1120000503,マンオブビイジヨン
1120000611,ノノアルコ
1120000609,ハバツト
1120000552,ラツキールーラ
1120000116,ゴールドライジン
1140000949,Northern Prospect
1140001002,Jet Diplomacy
1140001003,Coastal
1140000883,Lord Avie
1130000002,Irish Castle
1140001006,Tara Road
1140000881,Plugged Nickle
1140001157,Vigors
1140000884,Qui Native
1120000387,ホウシユウエイト
1140000814,Honest Pleasure
1120000203,フイリーバロン
1120000455,スコチアン
1140001163,Levmoss
1120000483,クライムカイザー
1120000523,スポーツキー
1120000491,サーゲイウエイ
1120000533,マツセントルーラー
1140000666,Macarthur Park
1140000807,Boldnesian
1140000450,Riverman
1140000630,Dr. Fager
1130000070,The Axe
1140000707,Realm
1140001751,Symmetric
1140001752,Ruffinal
1130001618,Victoria Park
1140001828,King's Bishop
1140001829,Chichester
1140001846,Imperial Prince
1140001852,Zivato
1140001861,Century
1140001862,Mussorgsky
1140001864,Major General
1140001874,Funny Hobby
1140001881,Count Brook
1140001068,Far North
1140000811,Explodent
1140001895,Gunflint
1140001418,Hot Dust
1140001879,Tarqogan
1140002099,West Coast Scout
1140000885,Valdez
1140001214,Northern Jove
1130000376,French Beige
1140002601,Umteen
5120000038,カツノリ
5120000230,スイセイガバナー
5120000164,タソス
5120000012,ダイゴトウスイ
5120000224,トスター
5120000203,ホウラツキー
5120000188,サルタモンテス
1120000560,アンズプリテンダー
1120000544,ハギノオーカン
1120000537,エリモジヨージ
1120000251,シエスタイム
1140000569,Victory Morn
1140001398,Exceller
1140001112,Try My Best
1130000839,Riva Ridge
1120000650,ルドウターブル
1140001458,Imperial Fling
1140001350,Draconic
1120000608,ロイヤルニジンスキー
1140000948,Mr. Prospector
1120000687,マナード
1120000635,カシマセイカン
1120000585,カネミノブ
1140000936,Seattle Slew
1120000381,スカイリーダ
1120000648,トウシヨウルチエー
1120000442,リトルリヴア
1120000079,インデイアンコーン
1140001135,Bellypha
1120000380,アポロホツカイ
1140001184,Authi
1130001552,Caracolero
1140001136,Dancing Lad
1140001063,Nureyev
1130001550,Shirley Heights
1140001186,Hello Gorgeous
1140001168,Troy
1140001127,El Botija
1120000664,ブライトフイニツシユ
1120000633,タケデン
1120000612,サンデイクリーク
1120000602,ヴアリイフオージユ
1140001217,Fappiano
1140001218,Quiet Fling
1120000670,バンブーアトラス
1140001169,London Bells
1120000534,リキタイコー
1120000663,エレナスボーイ
1140001395,Fleet Mel
1120000247,タケクマヒカル
1140001164,Camden Town
1120000667,リードワンダー
1120000281,サイエンテスト
1120000673,サクラシンゲキ
1120000545,ビンゴガルー
1130001510,Gay Mecene
1120000607,ロジンスキー
1110001056,アタツクブルー
1130000011,Al Hattab
1140000953,Smarten
1140001155,Danzig
1140001473,Matsadoon
1140001465,Staff Writer
1140001187,Sanhedrin
1140001354,Affirmed
1140001524,Tentam
1140002163,Cool Moon
1130000475,Mellay
1140001343,Dusty Canyon
1140002148,J. O. Tobin
1140002318,What Luck
1130000807,Pretense
1140001173,Fabulous Dancer
1140000964,His Majesty
1140000699,Personality
1140001621,Full Out
1140002340,Spouting Horn
1140002348,He's a Pistal
1140002357,Silver Series
1140001407,Vitiges
1140002359,Menocal
1140001196,Sovereign Dancer
1140002394,Silver Dream
1140002401,Cindy's Son
1140002115,Moss Trooper
1140000505,Sovereign Gleam
1140002410,Our Michael
1140001947,Margouillat
1140002169,Merger
1140001546,Star Appeal
1140000817,General Assembly
1140002526,Main Reef
1140002567,Taipan
5120000248,ハヤブサリボー
5120000141,ムサシキンリユウ
5120000189,コンセクエント
5120000320,トライバルセンプー
5120000307,ケルゼツク
5120000289,エビタカラ
7120000003,シユンセン
5120000316,リマバヤ
5120000280,ダイリキホマレ
5110000829,クモノチカラ
5120000223,アリラバツト
1120000655,ノーアテンシヨン
1140001561,Top Ville
1140001137,Lomond
1120000726,クルセダーキヤツスル
1130000883,Quack
1120000572,フレーミングユース
1120000707,リアルシヤダイ
1140001658,Fordham
1140001329,Green Forest
1140001698,Sharpman
1140001699,Kings Lake
1140001372,Ballymore
1120000561,サンシヤインシテイ
1140000875,Cure the Blues
1140001065,Sharpen Up
1120000563,ベストブラツド
1120000403,ロングホーク
1120000690,ニチドウアラシ
1120000662,モンテプリンス
1120000582,ランドギフト
1120000677,フアイブダンサー
1120000581,メイワパツサー
1140001415,State Dinner
1140001310,Temperence Hill
1140001595,Welsh Saint
1120000574,バンブトンコート
1120000590,リキアイオー
1130001536,Green Dancer
1120000714,グランデイ
1120000488,グレートセイカン
1120000741,アスワン
1120000715,アンバーシヤダイ
1120000730,ハギノカムイオー
1140001308,Alydar
1120000327,メイワイラン
1140000947,Pharly
1140001175,Tower Walk
1130000879,Icecapade
1140001469,King of Spain
1120000710,パンザー
1140001560,Key to Content
1140001695,Pyjama Hunt
1140001584,What a Guest
1120000596,ハツシバオー
1120000688,マタボーイ
1120000666,カツトツプエース
1120000653,ホツトスパーク
1140001455,Touching Wood
1140001048,Drone
1140001790,Codex
1120000568,メダル
1120000628,ニチドウタロー
1140001480,Inverness Drive
1140001212,Key to the Kingdom
1140001482,Verace
1140001368,Crystal Palace
1140001626,King Pellinore
1140001382,In Fijar
1120000654,ガロト
1140001355,Assert
1140001358,Distinctive
1130001358,Halo
1140000876,African Sky
1140001061,Bold Forbes
1140001456,Persepolis
1140001632,George Navonod
1140001159,Fleet Discovery
1140001139,Shergar
1130001369,The Minstrel
1110001081,アズテツク
1140001106,Ibacache
1140001393,Palton
1140001394,Farmer
1120000268,モハビ
1120000495,アグネスチカラ
1120000496,ホクエイワン
1120000565,コンメモラテイーボ
1140001476,Cipayo
1140001474,Stalwart
1140001637,Irish Tower
1120000614,ルセリ
1140001589,Kenmare
1140001417,Mariache
1140002423,Dogwood Passport
1140000653,Judger
1140001820,Topsider
1130001519,Our Native
1140000879,Known Fact
1140002442,Dominion
1140001433,Conquistador Cielo
1140001115,Vice Regent
1140000215,Hard to Beat
1140000555,Traffic
1140001066,Kris
1140000743,Wollow
1130001513,Grundy
1140000882,Lord Gaylord
1140002583,Aurelius
1140002584,Slady Castle
1140000206,Hail to All
1140002441,Posse
1140001638,Stevward
1140000252,Jim French
1140000935,Priamos
1140002627,Dr. Blum
1140002634,Beaufort Sea
1140002658,Avon Valley
2120000003,ランドプリンス
5120000221,マルキタオニオン
5120000065,サトホース
5120000256,キタノトウザイ
5120000059,メイズイライト
5110000955,ミユキオーザ
7120000006,カゼヒサ
5120000021,ダイサンアツナイ
5120000343,アオバタガミ
5120000229,ハクバホーシユー
5120000086,ホクセツエース
5120000023,ハマシヨウ
5120000351,アローインペリアル
1140001154,Cougar
1120000736,ホスピタリテイ
1120000747,ヤマニンボールド
1140001585,Golden Fleece
1140001352,Lyphard's Wish
1120000719,トレボロ
1140001659,Final Straw
1140002218,Great Above
1140001198,Linkage
1140002171,Shareef Dancer
1120000713,カバリスト
1140000940,Blade
1120000601,ハツマモル
1120000700,アズマハンター
1120000647,トウシヨウイレブン
1140001342,Sportin' Life
1120000718,カジユン
1140001416,Circle Home
1120000779,ホリスキー
1120000676,シービークロス
1140001629,Dickens Hill
1120000698,ホイストザキング
1120000782,ロードオブザダンス
1140002151,Hasty Flyer
1140001442,Silver Buck
1140002197,Harbor Prince
1120000738,セクレフアスター
1120000744,ハワイアンイメージ
1120000753,ニシノノーザン
1140000917,Sensitive Prince
1120000772,ストラダビンスキー
1140001449,Thatching
1120000731,メジロテイターン
1120000760,エンペリー
1120000703,カツアール
1120000705,ビツグデイザイアー
1140002185,Medaille d'Or
1140001821,Crafty Prospector
1140001069,Majestic Light
1140000918,Golden Act
1120000739,キヨウエイプロミス
1120000273,カネイコマ
1120000636,ホウヨウボーイ
1120000656,コトノアサブキ
1120000645,ロイヤルノーザン２
1120000709,タンゾア
1120000618,アアセイコー
1120000761,ラシアンルーブル
1140001220,Junction
1140001431,Believe It
1140001738,Young Generation
1140001134,Elocutionist
1120000658,トウライ
1140001107,Julio Mariner
1140000819,Red Regent
1120000720,ヒツタイトグローリー
1120000790,ビゼンニシキ
1120000737,レツドサン
1120000823,カミノコーネル
1140001361,Broadway Forli
1110000942,グローリーマンナ
1140001478,True Colors
1140001793,Slewpy
1130001617,Kennedy Road
1140002162,Master Willie
1130001365,Eaglesham
1130000497,Nearctic
1140000557,Tribal Chief
1140001167,Sauce Boat
1140001504,Nasty and Bold
1120000712,グランデイオース
1120000743,ランズダーン
1120000615,カツラノハイセイコ
1140001191,Caerleon
1120000777,リーガルステツプ
1140001387,Northjet
1120000638,ダイタクチカラ
1120000468,ヤマブキオー
1140002609,Trepan
1130000589,Roman Line
1140002311,Secreto
1140001062,Rusticaro
1130001357,Hoist the Flag
1130000035,Gummo
1140002661,Ramsinga
1140002495,Stevedore
1140000710,Rheingold
1140002674,Rollicking
1130001524,Hatchet Man
1140000701,Pitcairn
1140001194,Youth
1140002675,Monsanto
1140001470,Auction Ring
1140001616,Vice Regal
1140001445,Sunny
1140001054,Dschingis Khan
1140000367,Northern Taste
1140000705,Primera
1140002271,Dash o'Pleasure
1130000809,Maribeau
1140002564,Caucasus
1140002817,Alpenkonig
1140002256,Sovereign Red
1130000013,Windy Sands
1140002874,Wolverlife
1140002871,Precipice Wood
2120000002,ヒカルイマイ
2120000007,ヒカリデユール
1120000734,サンエイソロン
5120000274,タキン
5120000146,イチライジン
5120000378,ホクセイボーイ
5120000252,ミクニノホマレ
5120000173,ソウレイ
5120000143,トモスガタ
5120000278,カザンウンリユウ
5120000187,スカイシーダー
5120000450,ライトオスカー
5120000268,イソシオ
5120000254,ミツルノニセイ
1120000323,ユウシオ
5120000311,ジユアンジヨ
5120000352,エリモミサキ
5120000129,タマガワホース
5120000285,ブルーシヤーク
5120000323,タクマスリー
5120000131,ウダイジン
5120000177,マサミネコージ
6110001006,センジユスガタ
5120000057,テイモウシロー
5110000737,サバンダー
5120000404,エビムサシ
5120000030,イチリキスオー
1140001591,Sadler's Wells
1120000478,ニツポーキング
1140002108,Sackford
1120000627,ステツピングトム
1140001441,L'Emigrant
1140002485,Yu Wipi
1120000765,プルラリズム
1120000766,アーテイアス
1140001402,Miswaki
1140001332,Akarad
1120000604,メジロイーグル
1120000800,リードホーユー
1120000727,アグネスベンチヤー
1140000963,Northern Baby
1120000832,タツプオンウツド
1120000678,サーカペード
1140002253,Barrera
1120000809,サルノキング
1120000802,カツラギエース
1140002312,Head For Heights
1120000186,トウシヨウピツト
1140001596,Brondesbury
1120000773,クリスタルパレス
1120000584,レツドルーラー
1140002172,Devil's Bag
1140002350,Tsunami Slew
1130001419,Comedy Star
1120000569,アグネスプレス
1140001935,Saint Cyrien
1140002226,Electric
1140002484,Gregorian
1130000896,Poker
1120000841,シアトルエクスプレス
1140002310,Chief Singer
1140001987,Prince Tenderfoot
1140002477,Lombardi
1140001118,Kafu
1140002134,Procida
1120000593,ブゼンダイオー
1120000834,ミスターシービー
1120000851,パーフライト
1120000539,ヒカリシルバー
1120000767,ジユニアス
1120000735,メイシヨウキング
1140002137,Monksfield
1140001826,World Appeal
1120000805,キートザボルト
1140001792,Robellino
1120000774,ピユウターグレイ
1120000692,リバーマーヌ
1140001936,Saratoga Six
1120000672,ウエスタンジヨージ
1120000623,ネーハイジエツト
1130001446,Ruritania
1140001518,Private Account
1140000960,Mr. Long
1140002333,Baldski
1140001117,Quadratic
1140002501,Exuberant
1140001199,Kris S.
1120000637,ヨシノスキー
1140002490,Talc
1120000621,シルバーペガサス
1120000836,テリオス
1140001386,Liloy
1130000104,No Robbery
1140001762,Naevus
1140001457,Cut Above
1120000844,ロイヤルコーチ
1140002321,Flying Paster
1140002084,Nijinsky's Secret
1140001409,Clever Trick
1140001120,Beldale Flutter
1120000723,タクラマカン
1140001576,Sir Tristram
1140002798,Blue Cashmere
1140001326,Ahonoora
1140002820,My Dad George
1140001410,Spectacular Bid
1140001437,Fit to Fight
1140002823,Jig Time
1140002225,Condorcet
1140002824,Sir Wimborne
1140002620,Groshawk
1140002828,No Lute
1140000962,Naskra
1140002830,Aggressively
1140002831,Royal and Regal
1140002838,King of the Sea
1130000304,Cyane
1140001141,Master Derby
1140002839,Cajun
1140002825,Double Form
1140002337,It's Freezing
1140002841,Marceau
1140002845,Buoy
1140002847,In the Purple
1140002853,Gyr
1140002275,Bletchingly
1140002367,Well Decorated
1140002573,Rarity
1140001684,Formidable
1140002622,Desert Wine
1140001334,Sharpo
1140001432,Buckaroo
1140001945,Darshaan
1140002878,Noble Bijou
5120000474,ハクバフアースト
5120000288,ネアルコムサシ
5120000361,タカラトウザイ
5120000415,フオーモサボーイ
5110000979,グリントツプ
1120000785,ダイシンシラユキ
5120000373,コマツタイム
5120000284,シナノリンボー
5120000219,エルエース
5120000426,フアストセンプウ
5120000269,エンゼルアロー
5120000338,イナリリユウ
5120000454,ニユーサラトガ
5120000191,シズヒロオー
1120000935,ギヤロツプダイナ
1120000922,イルドブルボン
1120000724,グリーンマウンテン
1120000717,ノースガスト
1120000850,サイドチヤペル
1120000787,ミナガワマンナ
1120000839,リーフグレイド
1120000897,パドスール
1140002600,Elegant Air
1120000825,リーフアーマツドネス
1140002215,Krayyan
1120000842,ナグルスキー
1140001103,Real Good Deal
1120000835,スタイヴアザント
1120000881,ニホンピロウイナー
1140001938,Shadeed
1120000840,サウスアトランテイツク
1140001340,Al Nasr
1120000749,ネオキーストン
1120000721,ハビアスコーパス
1140001193,Law Society
1140001839,Tolomeo
1140001510,Ile de Bourbon
1120000941,サクラユタカオー
1140001113,Cannonade
1140002505,Vayrann
1140002482,Sparkler
1140002473,Brave Regent
1140001098,Never Tabled
1140002355,Racing Is Fun
1120000589,クラウンピラード
1140002525,Cutlass
1140001438,Glint of Gold
1120000856,ハヤテミグ
1120000564,カネミカサ
1120000831,ルイヴイルサミツト
1120000833,ターナボス
1140002411,Romildo
1140002643,Stiff Sentence
1140001940,Slew o'Gold
1120000896,ノーリユート
1140002326,Dancing Count
1140002651,Valiyar
1140002621,Superbity
1140001513,Diesis
1140001759,Fairway Phantom
1120000963,ロングリート
1140002262,Red Tempo
1140002623,El Baba
1120000907,スルーザドラゴン
1120000905,ロードザキヤノンズ
1120000771,コウストンズクラウン
1120000427,ホツカイダイヤ
1120000665,オウエンダツドレイ
1120000870,スズユウ
1120000528,ミヤジマレンゴ
1140001867,Danzatore
1140002114,Three Legs
1120000830,ハイコマンダー
1140002593,Glenstal
1120000912,レシテイシヨン
1120000899,スカラマンガ
1120000752,ニシノエトランゼ
1120000837,ケラチ
1120000704,ラツキーキヤスト
1140001374,Diamond Shoal
1140001376,Ela - Mana - Mou
1140001893,Star de Naskra
1140001412,Marshua's Dancer
1140000965,Pleasant Colony
1140001439,Gorytus
1120000822,ペキンリユウエン
1140001508,The Bart
1140002279,Kaoru Star
1140001950,Understanding
1140003030,Nain Bleu
1140001055,Reflected Glory
1140002332,Hard Work
1140001593,Wild Again
1140002187,Pass
1140003049,Against the Snow
1140002323,Proud Clarion
1140003058,Tobin Bronze
1140003059,White Gloves
1140001570,Duputy Minister
1140003062,Noble Nashua
1140003063,Smiling Jack
1140003065,Hagley
1140002766,Mr. C. B.
1140003084,Town And Country
1140002760,Brustolon
1140003085,Relkino
1140002597,Jalmood
1140000613,Bravest Roman
1140003093,Remand
1140002164,Timeless Moment
1140003077,Flag Officer
1140001133,Gallant Romeo
1140000943,Best Turn
1140000726,Steel Heart
1140002440,Chief's Crown
1140001434,Tri Jet
1130000044,Claude
1140003095,Without Fear
1140003108,John Alden
1140002792,Solford
1140001948,Silver Hawk
1140001153,Tap On Wood
1140003164,Pink
1140002921,Pirate's Bounty
1140003249,Frere Basile
1140003271,Habituate
1140003114,Luskin Star
1140002750,Zephyr Bay
5120000433,サンリキユウ
5120000397,ゴールデンゲイト
5120000398,ハタサカエオー
5120000267,マスエイカン
1120000519,ストツクウエイ
7110000517,扇泳
5120000438,タイガートウザイ
5120000406,ミマツホマレ
5120000459,ボールドマン
5120000308,ヤングラツキー
5120000377,カツラギセンプー
5120000266,イセイチシロー
5120000233,オグリオー
5120000047,トキノムサシ
1120000081,ダイシンボルガード
5120000172,ブルーロイヤル
5120000043,シロコ
5120000326,ベストホワイト
5120000087,リンデイエン
6120000015,ムツミマサル
5120000312,イムラツド
5120000245,ツーカン
1120000780,ハツピープログレス
1120000940,ダイナコスモス
1120000913,メンデス
1140001859,Otehi Bay
1140002471,Highland Blade
1140001440,Green Desert
1140002778,Moscow Ballet
1140001917,Greinton
1140002521,Trojan Fen
1120000683,メジロエスパーダ
1120000859,ミルグロリー
1140001405,Time for a Change
1120000902,デイカードレム
1120000629,ヤマニンケイ
1120000956,シンボリルドルフ
1140002083,Dahar
1120000778,サニーシプレー
1120000925,ベルマン
1140002793,Transworld
1140001872,Lashkari
1140001986,El Gran Senor
1140001834,Twig Moss
1120000987,スリルシヨー
1120000768,ジヨンデコーム
1120000911,ワツスルタツチ
1140001837,Raffindale
1120000979,カーホワイト
1120000674,ホーワセキト
1120000944,ニシノスキー
1120000801,ヤマニンセクレ
1120000923,ミルフオード
1120000876,アツプセツター
1120000630,ブルーマツクス
1120000816,ハシクランツ
1120000588,ハードバージ
1120000898,ヴイテイージ
1120000652,フオアフアーザー
1120001034,サクラサニーオー
1130000779,Iron Ruler
1120000943,サンオーイ
1140001913,Fast Topaze
1140001544,Darby Creek Road
1120000948,ウインザーノツト
1120000880,マツチレススピード
1110000474,ダイゴホマレ
1140002772,Alzao
1120000982,ノーパスノーセール
1120000999,アレミロード
1140002498,Fire Dancer
1140001906,Bates Motel
1140001534,Giboulee
1120000838,ペンシルプツシヤー
1140002654,Windwurf
1140001615,Bismark
1140003177,Gallop Dyna
1140003180,Tilt Up
1140003190,Fairbairn
1140003195,Tanfirion
1140003261,Wig Out
1140003268,Delaware Chief
1140003292,Tisab
1140001491,Indian King
1140002572,Ajdal
1140003287,Somebody
1140003298,Laomedonte
1140002673,Rambunctious
1140001824,Valid Appeal
1140003306,Young Bob
1140003223,For The Moment
1140003317,Three Martinis
1140002833,Bold Ruckus
1140001460,Commemorate
1140003330,Don Roberto
1140003341,At the Threshold
1140003036,Erins Isle
1140001870,Kaldoun
1140000665,Lypheor
1140002373,Alysheba
1140001146,Kalamoun
1140003348,Raga Navarro
1140003349,Mehmet
1140003354,Thirty Eight Paces
1140003355,Peterhof
1130001380,Rouge Sang
1140003032,Native Royalty
1140003284,Pass Catcher
1140003357,Duns Scotus
1140003358,Raise a Bid
1140003364,Daryl's Joy
1140001348,Nebos
1140003385,Horage
1140002535,Fairy King
1140003373,Prince Ippi
1140003368,Konigsstuhl
1140002376,Rainbow Quest
1140003281,Cherokee Fellow
1140003386,Proud Birdie
1140003392,Lightning Leap
1140001451,Vanlandingham
1140003395,Semenenko
1140001942,Star Choice
1140002880,Magesterial
1140001888,Spend a Buck
1140002748,High Echelon
1140003396,Cassaleria
1140002085,Wise Exchange
1140002116,Northern Fling
1140002569,Trempolino
1140003406,Garde Royale
1140003073,Yeats
1140001547,Star Way
1120000871,サクライツトー
1120001057,サンキリコ
1140002364,Manila
1140002939,Carr de Naskra
1120001084,アサヒエンペラー
1130001554,Home Guard
1140002544,Last Tycoon
1120000931,ヒダカスピード
1120000992,ワイズカウンセラー
1120001050,クリスタルグリツターズ
1120001061,ストームオンザルース
1140001909,Dancing Brave
1120000908,パークリージエント
1140000873,Buckfinder
1140001503,Verbatim
1140001937,Seattle Dancer
1140001934,Reference Point
1140001928,Petoski
1120000958,スズカコバン
1140003012,Sagace
1120000793,トウシヨウゴツド
1120000644,ライブリーラーク
1120001058,プリンスオブバーズ
1120000990,アンフイールド
1120000991,リフアーズスペシヤル
1120001008,ミホシンザン
1140002632,Gold and Ivory
1120001124,ペルセポリス２
1140001588,Dance of Life
1140002181,Shahrastani
1120000994,フオテイテン
1120000924,ミルサイド
1140001944,Zino
1120001051,ナトルーン
1120000995,カツテイングブレード
1120001062,リヴリア
1140002536,Ferdinand
1140002605,Sure Blade
1140002672,Wavering Monarch
1120001016,ダイナガリバー
1120000894,アンドレアモン
1140002276,Opera Prince
1120000936,スクラムダイナ
1140001138,The Noble Player
1120001063,ジヤツジアンジエルーチ
1140001587,Capote
1120000981,スプレンデイドモーメント
1120001121,シリウスシンボリ
1120000927,ブラームス
1140002524,Bering
1120001053,ゴライタス
1120000819,アイノセントスキー
1120001033,ビシヨツプボブ
1140001767,Bailjumper
1140002794,Tate Gallery
1120000889,ミスタールマン
1120001049,サンテステフ
1120001021,パーシヤンボーイ
1140001404,Dixieland Band
1120000748,ホクトフラツグ
1140002150,Iceca Noble
1120000984,グリーンマウント
1120001055,テユーター
1120000980,ムクター
1120000745,トドロキヒホウ
1120000903,ライラリツジ
1140001908,Blue Ensign
1140001823,Lord At War
1140003398,Mo Exception
1130001416,Persian Bold
1140001744,Flip Sal
1140001931,Phone Trick
1140003415,Kirtling
1140003419,Degenerate Jon
1140002791,Quiz Star
1140002144,Overskate
1140002377,General Holme
1140001521,Pass the Glass
1140003486,Ardross
1130001551,Music Boy
1140003505,Taufan
1140003501,Lines of Power
1140000688,Northerly
1140003340,Norcliffe
1140002366,Skywalker
1140002548,Pancho Villa
1140003522,Zulu Tom
1140001918,Groom Dancer
1140003257,Ruthie's Native
1140002467,Don't Forget Me
1140003533,Decies
1140003542,Palatable
1140003547,Desperate Dee
1140003514,Carnivalay
1140003076,Fighting Fit
1140003528,Masked Dancer
1140003552,Dom Pasquini
1140001447,Sunny's Halo
1140003555,Tinajero
1140003556,Marine Patrol
1140003559,Goldhill
1140003562,Tyrnavos
1140003564,Tip Moss
1140003515,Believe the Queen
1140002918,Partholon
1140003600,Be My Native
1140001925,Lear Fan
1140002175,Table Play
1140003574,Spotted Line
1140003582,Raconteur
1140003518,Rajab
1140003578,Tanthem
1140003580,Nativo
1140002183,Storm Cat
1140003616,Bold Play
1140003068,Sir Wiggle
1140003623,Free State
1140001926,Niniski
1140003576,Sheet Anchor
1140003519,Queen City Lad
1140000718,Sandy Creek
1140001119,Accipiter
1130001202,Sadair
1140002533,Eskimo
1140003596,Fio Rito
1130000854,Vain
1140002487,Night Invader
1140001305,Biscay
1140003713,Diagramatic
1140002566,Imposing
1120000961,シンウルフ
1140001592,Siberian Express
1120000867,テユデナムキング
1120001013,サクラロータリー
1140002555,Shaadi
1140002313,Script Ohio
1140001914,Gato Del Sol
1120000955,メジロモンスニー
1120001101,タマモクロス
1120001163,オウインスパイアリング
1120001104,ニツポーテイオー
1120001029,サンキヨーシヨウリ
1120000789,ノーベルダンサー
1140002486,Mining
1140001406,Pillow Talker
1120001085,ウインドストース
1120000946,ロツキータイガー
1120000942,ダイゼンシルバー
1140002372,Doyoun
1120001059,シルヴアーヴオイス
1120000855,エリモタイヨー
1140002540,Gone West
1140002554,Sunshine Forever
1140003230,Briartic
1120000988,ロングミツク
1120001184,インイクストリーミス
1120000711,アーテイカス
1120001131,トニービン
1120000750,ステイード
1120001054,マジツクミラー
1120001048,ベリフア
1140003143,Dancing Champ
1120001032,トウホーカムリ
1120001191,サクラチヨノオー
1120000975,リキサンパワー
1140002553,Woodman
1140003125,Bold Navy
1120000906,ゼネラリゼーシヨン
1120001147,フラツシユオブステイール
1120000904,リフアーズゴースト
1120001164,ブライアンズタイム
1120000954,サクラガイセン
1120000938,トウシヨウペガサス
1120001047,リーチ
1120001023,ブラツクスキー
1140002365,Relaunch
1140003234,Moorestyle
1140003023,Frari
1140003141,Lord Ballina
1120000769,ソリタリーヘイル
1120001020,カウンテスアツプ
1120000798,ドロツポロード
1120000807,モンテフアスト
1120000775,ジエネラルボーレガード
1120001060,デイヴイツズバード
1140002550,Proper Reality
1120000957,テンザンテースト
1120000983,シヤカプール
1140002676,Forty Niner
1140001452,Wassl
1120001064,アンシエントタイム
1140002931,Mari's Book
1140002532,Danzig Connection
1140003160,Strawberry Road
1140001586,Baby Turk
1120000985,マラキム
1120000993,シエルシユールドール
1140002552,Seeking the Gold
1120000659,テンメイ
1140003229,Always Run Lucky
1140003226,Far Out East
1140002810,Gulch
1140003216,Geiger Counter
1140003213,Coax Me Chad
1140002534,Esprit Du Nord
1140003227,Caveat
1140001590,Highest Honor
1120000891,ニツトウオーカン
1140002338,Cloudy Dawn
1140003634,Nostrum
1140003636,If This Be So
1140003639,Strike Gold
1140003640,Jolie Jo
1140003646,Dara Monarch
1140003647,Northern Fashion
1140001444,Smile
1140000934,Sallust
1140002677,Night Shift
1140003692,Oh Say
1140003691,Slew's Royalty
1140003699,Upper Nile
1140001696,High Line
1140003711,Angle Light
1140002563,Big Burn
1140001574,Hold Your Peace
1140003717,Premiership
1140001886,Summing
1140003622,Air Forbes Won
1140003725,Collier
1140002809,Tejano
1140003035,Bicker
1140001630,T. V. Commercial
1140001545,Our Hero
1140003449,Pass the Tab
1140002361,Distinctive Pro
1140003735,Swing Till Dawn
1140003739,Petrone
1140003736,Upper Nile
1140003774,Nalees Man
1140002547,Mogambo
1140002358,Hero's Honor
1140003741,Majesty's Prince
1140003743,Wolf Power
1140002520,Don B.
1140001502,Speak John
1140003745,Herculean
1140001927,Pennine Walk
1140003746,Hard Fought
1140000728,Sun Prince
1140003751,Time to Explode
1140001880,Hail the Pirates
1140003756,Shelter Half
1140003110,Comrade In Arms
1140003761,King of Macedon
1140003775,Malinowski
1140003776,Peace for Peace
1140003256,Herat
1140003785,Lydian
1140002876,Stanford
1140002692,Grosvenor
1130001523,Ole Bob Bowers
1140001344,Cormorant
1140003788,Symboli Rudolf
1140003789,Exactly Sharp
1140002549,Polish Navy
1140003795,Acaroid
1140003805,Cold Reception
1140003816,Excel
1140003817,Nomination
1130001417,Captain James
2120000008,グランパズドリーム
1120001259,カコイーシーズ
1120001261,ジェイドロバリー
1140002378,Risen Star
1120001044,アカビール
1120001105,メリーナイス
1120001182,エブロス
1140002180,Tasso
1140003421,Zilzal
1120001000,ヤワ
1120001297,オグリキャップ
1120001168,ナスルエルアラブ
1120001098,ボールドノースマン
1120001120,ラグビーボール
1120001255,アジュディケーティング
1120001125,ムーンマツドネス
1120001046,テンパレートシル
1140002821,Pompeii Court
1140002539,Gold Alert
1120001254,ビーインボナンザ
1120000934,ミルコウジ
1120001154,シエイデイハイツ
1140002542,Java Gold
1120001237,アサティス
1120001114,ノーザングループ
1120000794,インターグランプリ
1120001230,バイアモン
1140001110,Don
1140002736,Nassipour
1120001216,サドラーズラッド
1140003413,Simply Majestic
1120000952,イブキラーゼン
1120001065,アンテイーカ
1120001040,ミユゲロワイヤル
1140002660,Crested Wave
1120001144,ハイブリツジスルー
1140002574,Montelimar
1120000964,ダイシユンエイ
1140002761,Western Symphony
1120001153,ラシアンボンド
1120001287,アイネスフウジン
1140002504,Never So Bold
1120001052,インデエアンキング
1120001185,ミナラ
1140001599,Semipalatinsk
1140002392,Lanfranco
1120000921,ダイナミツクリーダー
1140003485,Absalom
1140002334,Tank's Prospect
1120000919,テスコジヨージ
1140001572,Mt. Livermore
1120000733,エビスクラウン
1120000776,メイタカ
1140002558,Theatrical
1120001070,イーベルツエーン
1120001258,イブンベイ
1120000686,トリプルオプテイミスト
1120000783,シルクテンザンオー
1140003475,M. Double M.
1140001462,Seattle Song
1140001920,Highland Park
1140003080,Blushing John
1140003263,Primo Dominie
1140003255,Proud Truth
1120001166,キンググローリアス
1120000684,ボルグスキー
1140001195,Teenoso
1120000918,アズマキング
1120001066,トウシヨウサミツト
1120001001,グランドオペラ
1140002182,Soviet Star
1140001511,Nebbiolo
1140003798,Regal Embrace
1140003803,Rolfe
1140002109,Illustrious
1140003291,Cryptoclearance
1140002530,Cozzene
1140002179,Turkoman
1140003820,Unpredictable
1140003825,Link
1140002843,Palace Music
1140003826,Beau's Eagle
1140001902,Deep Roots
1140003829,Imp Society
1140001192,Salmon Leap
1140003329,Jeblar
1140003837,Denton
1140002816,Sound Reason
1140002682,Slip Anchor
1140003901,D'Accord
1140000647,Habitony
1140003917,El Barril
1140003922,One for All
1140003923,Sezyou
1140003927,Lord Rebeau
1140003771,Horatius
1140002615,Le Nain Jaune
1140002560,Ziggy's Boy
1140003938,Maruzensky
1140003941,North Tower
1140001436,Copelan
1140003944,Zen
1140003953,Waquoit
1140003954,Fabuleux Dancer
1140003967,D'Accord
1140003959,Willow Hour
1140003947,Bucksplasher
1140003960,Nicholas Bill
1140003978,Creag-an-Sgor
1140003961,Precocious
1140003963,Simply Great
1140003116,Bob Back
1140003982,Persian Boy
1140003983,Medieval Man
1140003985,Sea Break
1140003192,Roi Danzig
1140001939,Shernazar
1140003986,Martinmas
1140003987,Nordico
1140001954,Montparnasse
1140003070,Runaway Groom
1140003988,Ragtime Band
1140003991,Drouilly
1140001911,Dr. Carter
1140003847,Propicio
1130001193,Bold Commander
1140002865,Dancehall
1140002763,Conquistarose
1120001234,クリエイター
1140002606,Machiavellian
1140002724,Al Hareb
1120001225,ファストトパーズ
1120001293,ヤエノムテキ
1120001232,サンデーサイレンス
1120001343,ヘクタープロテクター
1120001186,パレスダンサー
1120001002,リンバアダンサー
1120001333,ダンシングブレーヴ
1140003499,Superlative
1120001183,マジックマイルズ
1120001263,フレンチグローリー
1120000937,ヨシノエデン
1140001188,Ayman
1120001238,ルション
1120001011,サクラトウコウ
1140002827,Nashwan
1120001162,スマコバクリーク
1120000849,ハーリー
1120001157,サツカーボーイ
1140002594,Bluebird
1120001325,リズム
1140002806,Royal Academy
1120000770,ストレートアズアダイ
1140002379,Jade Hunter
1140003682,Premiership
1140003022,Egg Toss
1140003469,Wrinkle Dinkle
1140003656,Gate Dancer
1140001459,Commanche Run
1140003441,Argument
1140002681,With Approval
1140002679,Criminal Type
1120001271,ヤエノダイヤ
1140002231,The Wonder
1140002680,Rahy
1120000860,アサカシルバー
1140002689,Mtoto
1140003144,Success Express
1140002691,Red Ransom
1140003381,Zeditave
1140003021,Dayjur
1140001603,Prego
1120000756,ブラビオー
1120001253,フェアジャッジメント
1120000818,トラストホーク
1120001045,プラウドデボネア
1120001136,シングルロマン
1120000928,ラプシイ
1140003188,Classic Music
1140002541,Homebuilder
1120001262,キャロルハウス
1140002804,Alwuhush
1140001306,Marscay
1120001372,メジロアルダン
1120001127,ロイヤルトルーン
1120001358,サクラホクトオー
1120000989,プライマリー２
1120001279,ウィナーズサークル
1120001308,イナリワン
1140003272,Bet Big
1140004024,Dance Bid
1140000966,Raise a Man
1140001171,Dom Racine
1140004030,Tragic Role
1140003408,Indian Ridge
1140004051,Saros
1140004052,San Feliou
1140003530,Standaan
1140003345,Doulab
1140003843,Cherokee Colony
1140003311,Rare Performer
1140004097,Gold Stage
1140004082,Baederwood
1140004089,Koluctoo Bay
1140001571,Czaravich
1140002528,Afleet
1140002556,Stately Don
1140004104,Monteverdi
1140002309,Ballad Rock
1140003429,Rio Bravo
1140004128,Table Run
1140002926,Houston
1140003793,Kahyasi
1140004137,Phardante
1140004115,Real Shadai
1120000998,ハナキオー
1120001221,トロメオ
1120001260,マークオブディスティンクション
1120001026,マルトヨテースト
1120001150,リドヘイム
1140002531,Danehill
1120001345,モガンボ
1140003166,Cadeaux Genereux
1140003014,Rubiano
1120001385,ポリッシュネイビー
1140002687,High Estate
1120001389,ザーラージル
1120000759,タマトツプ
1140003315,Darn That Alarm
1140002927,Lost Code
1140003094,Bellotto
1140003849,Link
1140003903,Isopach
1120001398,ゴールデンフェザント
1140002688,Dancing Spree
1140002800,Easy Goer
1120001233,ハープアイル
1120001390,シャーディー
1140003111,Polish Precedent
1140002649,Ogygian
1140003323,Varick
1140002678,Eastern Echo
1120001256,ペイザバトラー
1140003888,Sanglamore
1120000966,フジノフウウン
1120001158,レジエンドテイオー
1120000883,オンワードカメルン
1120001354,リンドシェーバー
1120001056,ノーザンボーイ
1120000949,オーバールツク
1120001387,グロウ
1140003870,Dowsing
1120001038,ジユサブロー
1120001228,ダイヤモンドショール
1140003728,King of Clubs
1120001148,ノーザンテンペスト
1120001192,サクラダイオー
1140003456,Septieme Ciel
1120001332,ダンスホール
1120001110,シービークラウド
1120001331,ダンスオブライフ
1140002543,Kendor
1120001363,ランフォーエバー
1120001240,スターリフト
1120001249,ダイナオリンピア
1120001143,アウザール
1120001167,イクスクルシヴヌレイエフ
1120001236,アロングオール
1140003290,Mujtahid
1120001294,レインボーアンバー
1120001382,クリミナルタイプ
1140003889,Prince Rupert
1140003644,Risk Me
1120001010,クシロキング
1140002723,Fools Holme
1120001339,スキャン
1140003909,Regal and Royal
1120001364,ルイテイト
1140003869,Mille Balles
1120001391,ヘイルシャム
1120001165,アイシーグルーム
1140003342,Wind and Wuthering
1140004041,Cathy's Reject
1140003107,Steinlen
1140003285,Carson City
1140003809,Eternal Prince
1140002683,Salse
1140003488,Corvaro
1140002591,Meadowlake
1140003280,Funny Fellow
1140004071,Groovy
1140004165,Bel Bolide
1140004179,An Eldorado
1140004162,Personal Flag
1140003602,Silver Deputy
1140004168,Fast Gold
1140004169,Red Sun
1140004192,Mill Native
1140004193,Fight Over
1140004218,Sunny Clime
1140004236,Winning
1140004023,Shimatoree
1140004259,Timeless Native
1140004263,Classic Go Go
1140004264,Bold Tropic
1140004278,El Raggaas
1140004276,Sir Godfrey
1140004281,Give Me Strength
1140003302,Crusader Sword
1140004290,Lion d'Or
1140004291,Young Commander
1140004299,Run of Luck
1140004298,Shy Groom
1140001943,Two Punch
1140004301,Raise a Regal
1140004302,Sun War Dancer
1140004305,Potrillazo
1140001924,Imperial Falcon
1120001495,グルームダンサー
1140002807,In The Wings
1140003006,Kingmambo
1120001381,タイトスポット
1120001327,スラヴィック
1140003278,Strike the Gold
1120001401,ドクターデヴィアス
1120001430,ダイタクヘリオス
1120001273,スーパークリーク
1140002925,Generous
1120001476,ヤマニンゼファー
1120001179,エイシンヒエン
1120001449,アーミジャー
1120001229,ローズリーフ２
1120001386,ステートリードン
1120001460,ミホノブルボン
1120001189,シンチェスト
1120001400,シャルード
1120001071,ワカオライデン
1120001106,パルナシヤン
1120001122,アサヒオー
1120001028,モンテジヤパン
1120001149,ワツスル
1140002924,A.P. Indy
1140003964,Lahib
1140002808,Warning
1120001367,バンブービギン
1120001399,ロドリゴデトリアーノ
1140003346,Rodwell
1120001436,レオダーバン
1120001111,セントシーザー
1120001090,ワイズルーラ
1140002803,Hansel
1120001366,オサイチジョージ
1140004080,Irish Open
1140004038,Great Commotion
1120001483,ミオロベルティーノ
1140002889,Harp Islet
1120001329,セレスティアルストーム
1140002537,Garthorn
1120001274,スターサンシャイン
1120001227,シェリフズスター
1120001353,モガミチャンピオン
1120001397,エルセニョール
1120001447,オールドヴィック
1140003907,Saumarez
1140003906,El Basco
1140003731,Marauding
1140003706,Hula Town
1140003710,Rubiton
1140003197,Housebuster
1140003851,Parade Marshal
1120001175,モガミショーウン
1120001176,モガミヤシマ
1140003301,Hawkster
1140003482,Brief Truce
1120001018,ドウカンヤシマ
1140003106,Dynaformer
1140003494,Elmaamul
1140003252,Practicante
1140004153,Payant
1140004336,Cresta Rider
1140003309,Broad Brush
1140004373,Al Mamoon
1140004371,Monsieur Champlain
1140003273,Gold Meridian
1140003661,Hostage
1140004419,Sutter's Prospect
1140003513,Corporate Report
1140004414,Water Bank
1140003591,Marfa
1140004439,Slew Machine
1140003722,Native Prospector
1140003517,Winrightt
1140004453,Holst
1140004457,Huguenot
1140003610,Selkirk
1140002370,Sharrood
1140004466,Exclusive Era
1140004430,Superoyale
1140004432,Marine Brass
1140001904,Baillamont
1140004431,Polish Numbers
1140004460,Captain Nick
1140004197,Loose Cannon
1140004472,Harold of Hastings
1140003694,Regal Classic
1140004475,Zoffany
1140003148,Best Western
1120001466,インナティフ
1120001201,サクラスパート
1140003759,Statoblest
1120001503,エルハーブ
1120001520,サクラバクシンオー
1140002802,Unbridled
1120001365,オサイチブレベスト
1120001450,シャンハイ
1140003898,De Ramiro
1120001417,メジロライアン
1140003325,Pine Bluff
1140004184,Alwasmi
1140003013,Quest for Fame
1140003905,Mighty Appealing
1140003876,Westminster
1140003719,Diablo
1140003005,Zafonic
1140003405,St. Hilarion
1140003198,Nabeel Dancer
1140003670,Wolfhound
1140003981,Dalmacia
1120001014,グレートローマン
1120001510,パラダイスクリーク
1120001528,トウショウフリート
1120000866,ゴールドレツト
1140003096,Zabeel
1140003279,Black Tie Affair
1120001461,メジロマックイーン
1120001451,ハンティングホーク
1120001235,オールフォゴットン
1120001455,コマンダーインチーフ
1120001222,ボーザム
1140003018,Summer Squall
1120001507,アフリート
1120001190,ニホンピロマーチ
1120000640,スピリツトガンモ
1140003259,Vacarme
1120001112,マルゼンスター
1120001178,ランドヒリュウ
1120001292,ヒッテングエイト
1140003187,Leo Castelli
1140003592,Farma Way
1140001932,Pilgrim
1120001474,イブキマイカグラ
1120001108,テイオーソロン
1120001513,ラストタイクーン
1140003275,Thirty Six Red
1140002805,Belmez
1120001467,リファーズウィッシュ
1120001383,セクレト
1120001465,オペラハウス
1120001328,ガダボート
1120001306,トップクラス
1120001522,トウカイテイオー
1120001340,トライマイベスト
1140003626,Hula Chief
1120001509,ビワハヤヒデ
1120001326,デュラブ
1120001525,ホワイトマズル
1140003625,Polish Patriot
1140003628,Gilded Time
1140003653,Pleasant Tap
1140004199,Batshoof
1140003629,Private Terms
1120000914,ロバリアアモン
1140003899,Masterclass
1140002799,Lycius
1120000579,カネオオエ
1140002446,Track Barron
1140003676,List
1140004492,Slewacide
1140003017,Be My Chief
1140004309,Banner Sport
1140003186,St. Jovite
1140003814,Farnesio
1140004525,Western Playboy
1140003029,Chromite
1140004546,Candi's Gold
1140000675,Mill George
1140004518,He Loves Me
1140004555,Shananie
1140003071,Northern Flagship
1140004556,Ruhlmann
1140004571,Celestial Storm
1140003328,Sky Classic
1140003149,Baynoun
1140002587,Compliance
1140003452,Dehere
1140003509,Demons Begone
1140002592,Posen
1140004580,Military Plume
1140004582,Native Aspen
5120000388,マルケンダイドウ
1140003274,Alydeed
1140003621,Marju
1120001588,デインヒル
1140003678,Marignan
1120001440,カンパラ
1120001548,エイシンサンディ
1120001437,レッツゴーターキン
1120001384,タモノダンサー
1120001560,ティンバーカントリー
1120001538,ウイニングチケット
1140003657,Go for Gin
1120001514,アルカング
1120001591,ロイヤルアカデミー２
1120001241,ワールドスローン
1140003336,Prospectors Gamble
1120001109,タケデンリーダー
1140003019,Cahill Road
1120001371,チヤンピオンスター
1120001504,ソヴィエトスター
1120001577,ヒシアリダー
1120001498,スターオブコジーン
1120001140,メジロデユレン
1140003894,Candy Stripes
1140004351,Ski Champ
1120001542,フジキセキ
1140003020,Sheikh Albadou
1140003902,Sexton Blake
1140004398,Roy
1140002690,Distant Relative
1120001452,シェイヴィアン
1140003504,Suave Dancer
1140003669,Always Fair
1120001464,コタシャーン
1120001475,ヒシマサル
1140003483,Boundary
1140003001,Barathea
1140002529,Claim
1120001282,サクラテルノオー
1120001392,ツータイミング
1140003454,Sultry Song
1120001478,アウトランセイコー
1120000962,ドラマテイツクビツド
1140003780,Two Timing
1120001079,レイザーレイン
1120001589,ワージブ
1140003176,Smackover Creek
1140002685,Tirol
1140002801,Legend of France
1140004512,Gallantsky
1140004579,Pursuit
1140003867,Secret Hello
1140003783,Tunerup
1140003932,Trapp Mountain
1140002165,Regal Remark
1140004585,Mighty Adversary
1140003074,Salt Dome
1140003720,Deerhound
1140004617,Jaklin Klugman
1140004612,Moulin
1140004029,Magwal
1140003747,Puissance
1140004607,Prospective Star
1140004339,Sunday Silence
1140004634,Siyah Kalem
1140004635,Morning Bob
1140004662,Snaadee
1140004643,Cognizant
1140004101,Not For Love
1140004124,Olympio
1140003958,Mi Cielo
1140004639,Mercedes Won
1140004678,Digamist
1140003399,Opening Verse
1140004681,Binalong
1140004673,Inland Voyager
1140004685,Rhythm
1140004694,Archregent
1140003658,Thunder Gulch
1120001554,ジェネラス
1120001015,ゴールドウエイ
1120001533,メジロパーマー
1120001511,フレイズ
1120001551,フォーティナイナー
1140004387,Integra
1140003929,Pentelicus
1140003185,Linamix
1140003892,Mark of Esteem
1140003671,Arazi
1140003839,Southern Halo
1120001557,カーネギー
1120001468,シャーラスタニ
1140003189,Scenic
1120001314,ダイナレター
1120001553,ポリッシュパトリオット
1140003883,Catrail
1140003948,Dixie Brass
1140003119,Common Grounds
1140003660,Tabasco Cat
1120001307,モガミプレジデント
1140003563,Exit to Nowhere
1120001407,センリョウヤクシャ
1120001556,ミシル
1120001583,ダンシングサーパス
1120001305,アカデミック２
1120001356,ミスターシクレノン
1140002898,Cacoethes
1140003324,Quiet American
1120001622,ナリタブライアン
1140004511,Hamas
1120001611,ウォーニング
1120001558,オジジアン
1120001614,ダンスインザダーク
1140003455,Mane Minister
1140003912,Twining
1120001425,アズマイースト
1140004113,Dolphin Street
1120001607,ソウルオブザマター
1120001196,ミナガワビクトリー
1120001193,フレッシュボイス
1120000890,ダイゼンキング
1140003087,Keen
1120001027,ダイナサンキユー
1120001608,ラムタラ
1120001499,ヴァレンティ
1140004508,Lando
1120001604,ジョリーズヘイロー
1120001146,ブランコ
1120001410,ミュージックタイム
1140003481,Grand Lodge
1120000852,ロイヤルグルーム
1120001596,タヤスツヨシ
1140003506,Pursuit of Love
1120001375,カネハボマイ
1140004359,Wagon Master
1140003830,Holy Bull
1140003962,College Chapel
1140004704,Priolo
1140003930,Citidancer
1140003362,Prized
1140004707,Rich Cream
1140003126,Ringaro
1140004718,Regal Intention
1140004759,Golden Choice
1140004766,Light Idea
1140004784,Classic Account
1140003650,Mountain Cat
1140004653,Bold Badgett
1140004427,Lord Carson
1140004800,Moment of Hope
1140003276,The Prime Minister
1140004142,Sword Dance
1140003840,Unbridled's Song
1140004775,Expensive Decision
1140003794,Fortunate Prospect
1140002796,Francis Bacon
1140003835,At Talaq
1140004826,Citidancer
1140004297,Flying Spur
1140004811,County
1140004581,Snippets
1140005047,King Concorde
1140005127,Saint Sever
1140004141,Deputy Governor
5120000531,ローゼンタイム
1140004456,Our Emblem
1140003520,Salt Lake
1120001663,ピルサドスキー
1120001497,シルヴァーエンディング
1120001439,ダハール
1120001572,タヤスレミグラン
1120001619,ザグレブ
1120001512,ファーディナンド
1140003008,Lead On Time
1120001416,プレクラスニー
1120001601,シアトルダンサー２
1120001617,トロットサンダー
1120001559,マイニング
1120001621,ペルジノ
1120001595,スキーキャプテン
1140003327,Personal Hope
1120001242,ホクトヘリオス
1140004118,Distant View
1140003863,Hennessy
1120001656,アラジ
1120001565,ナリタタイシン
1120001599,サマーサスピション
1120001658,バブルガムフェロー
1120001286,ナスノダンデー
1120001630,ナイスネイチャ
1140004454,Heza Gone West
1140004243,Forest Wildcat
1140003436,Acatenango
1140003690,End Sweep
1140004599,Zieten
1140004190,Afternoon Deelites
1140004148,Avenue of Flags
1120001470,ラジヤマハール
1140003672,Lammtarra
1120001651,サンシャック
1120001664,エリシオ
1120001672,マーベラスサンデー
1120001524,ダミスター
1140003237,Mistral Dancer
1120001652,エアダブリン
1120001584,クエストフォベスト
1120001667,サクラローレル
1140004606,Tejabo
1120001593,ティッカネン
1120001579,サクラチトセオー
1140004335,Balleroy
1120001610,ハートレイク
1140003841,Honour and Glory
1140003763,Tel Quel
1140003884,Ashkalani
1120001519,グレートホープ
1120001025,ロングハヤブサ
1140003693,Belong to Me
1120001492,カリスタグローリ
1140004540,Celestial Bounty
1140003752,Tenby
1120001159,タガジヨオー
1120001633,アレアズマ
1120000977,メアジーダンサー
1140003031,Fred Astaire
1120001434,トモエアレックス
1140004725,Luhuk
1140002363,Waajib
1140003872,Bigstone
1140003117,Somethingfabulous
1140005300,Lucky North
1140005304,Bet Twice
1140005303,Allen's Alydar
1140005298,Pistols and Roses
1140005370,Balzac
1140005397,Wayne's Crane
1140001916,Gold Crest
1140003620,El Prado
1140005272,Stuka
1140004498,Out of Place
1140004413,Golden Gear
1140003568,Ascot Knight
1140005401,Silent Fox
1140005413,Storm Creek
1140005393,Notebook
1140005424,Hadeer
1140005430,Interrex
1140005432,Maudlin
1140003118,Unfuwain
1140005450,First Norman
1140003879,Rory's Jester
1140003270,Canny Lad
1140005464,Star Watch
1140005465,Buena Shore
1140003632,Marquetry
1140005488,Centaine
1140005501,Great Gladiator
1120001657,ジェニュイン
1120001724,サンダーガルチ
1140004063,Saint Ballado
1120001550,サンシャインフォーエヴァー
1120001600,キョウワアリシバ
1120001700,タイキシャトル
1140004147,Desert King
1140003726,Future Storm
1140001123,Red Sunset
1140004144,Pembroke
1120001615,テンビー
1140004061,Benny the Dip
1120001620,ペンタイア
1140004736,Legal Case
1140004033,Dr Devious
1120001653,ブラックタイアフェアー
1120001675,マヤノトップガン
1120001659,フサイチコンコルド
1140004120,Montbrook
1140004189,Miner's Mark
1140003804,Storm Boot
1140004070,Spinning World
1140004045,Boston Harbor
1140003659,Bahri
1140004065,Grindstone
1140003893,Peaks and Valleys
1140004595,Rainbow Corner
1140003926,Sea Hero
1140004609,Dashing Blade
1140002375,Antheus
1140004610,Leading Counsel
1120001721,チーフベアハート
1120001288,スルーオダイナ
1140004542,You and I
1120001590,パレスミュージック
1140004244,Irgun
1140003861,French Deputy
1140003196,Lion Cavern
1120001754,スピニングワールド
1120001695,ハウスバスター
1140004709,Edgy Diplomat
1120001688,サニーブライアン
1140003689,Supremo
1120001655,ブラッシングジョン
1140003673,De Niro
1120001505,ヴィジョン
1140003453,Brocco
1140003957,Shotiche
1140005678,Hadif
1140004119,Ghazi
1140005705,Emperor Jones
1140003890,Charnwood Forest
1140004436,In Excess
1140004406,Bertrando
1140005698,Dispersal
1140004519,Octante
1140003508,Jolie's Halo
1140004346,Ezzoud
1140003277,Colony Light
1140005660,Tomorrows Cat
1140005316,O'Reilly
1140005317,Flying Victor
1140003729,Deposit Ticket
1140002369,Rousillon
1140005319,Fire Maker
1140005800,Memo
1140003305,Beau Genius
1140004220,Coronado's Quest
1140004034,Jeune Homme
1140005668,Snow Chief
1140003492,Polar Falcon
1140004145,Mutakddim
1140004047,Hernando
1140004212,Pennekamp
1140005854,Slewvescent
1140005831,Prospector's Halo
1140005738,Sir Harry Lewis
1140005839,Gold Ace
1140005857,Artichoke
1140005862,Bassenthwaite
1140002559,Tights
1140002635,Kaapstad
1120001752,デヒア
1140003952,West by West
1120001680,タイキブリザード
1120001742,エアジハード
1120001734,エルコンドルパサー
1140004062,Spectrum
1120001642,ベストタイアップ
1120001521,ダイナマイトダディ
1120001723,ディアブロ
1140004230,Awesome Again
1120001312,ランニングフリー
1140003282,Glitterman
1140004242,Mister Baileys
1120001743,スペシャルウィーク
1140005321,Hussonet
1140005315,Double Bed
1140004044,Smart Strike
1140004209,Dare and Go
1140005372,For Really
1140005338,Fly Till Dawn
1140004316,Siphon
1140003630,Fly So Free
1140004481,Grand Slam
1120001530,イタリアンカラー
1120001568,ナリタハヤブサ
1140003790,Twilight Agenda
1120001691,ライブリーワン
1140004069,Singspiel
1140004227,Peintre Celebre
1120001145,オークワース
1140004477,Octagonal
1120001342,スプラッシュオブカラー
1140003767,Turgeon
1140004068,Pulpit
1140004338,Northern Spur
1140004204,Deputy Commander
1120001482,サンゼウス
1140003845,Halling
1120001768,エンドスウィープ
1120001669,エイシンワシントン
1120001753,ドリームウェル
1140004426,Alphabet Soup
1120001618,ダンツシアトル
1140005371,Titus Livius
1140005748,Tony Bin
1140005749,Emarati
1140004229,Swain
1140001551,Cagliostro
1140003688,General Meeting
1140005875,Montreal Marty
1140004018,Virginia Rapids
1140004327,Gold Fever
1140005889,Bear Hunt
1140004667,Harlan
1140005891,Matchlite
1140005880,Cyrano de Bergerac
1140005278,Green Tune
1140005329,Loup Sauvage
1140004390,Marlin
1140004117,Jade Robbery
1140005950,Mister C.
1140003016,Mythical Ruler
1140004534,Indian Charlie
1140002859,Slew City Slew
1140005965,Splendent
1140005420,Is It True
1140005816,Barkerville
1140006060,Mac's Imp
5120000416,サチエノヒリユウ
1140004552,Formal Gold
1120001829,パントレセレブル
1120001736,トワイニング
1120001710,アグネスカミカゼ
1140004081,Mr. Greeley
1140004403,Forestry
1120001738,オース
1120001799,マイネルラヴ
1140004501,Touch Gold
1120001791,グラスワンダー
1120001796,フレンチデピュティ
1120001793,タバスコキャット
1140004523,Giant's Causeway
1120001699,ミシエロ
1140004093,Cherokee Run
1140004224,Apollo
1120001741,ジェリ
1140005746,Pistolet Bleu
1140005733,Efisio
1140004349,Sri Pekan
1140005731,Combat Ready
1140004469,Cape Cross
1140005735,Sicyos
1140004066,Judge T C
1140004603,Sinndar
1120001785,クロコルージュ
1140004616,Stravinsky
1120001760,ミシックトライブ
1120001531,ラシアンゴールド
1120001694,イシノサンデー
1120001666,ヤシマソブリン
1120001809,フサイチソニック
1140004195,Gentlemen
1140004700,Yankee Victor
1140004207,Arch
1140004476,Fuji Kiseki
1140004452,Entrepreneur
1120001716,オースミメダリスト
1120001783,アドマイヤベガ
1120001769,ブロッコ
1140004506,King's Best
1120001419,バトルイニシャチブ
1140005718,Royal Chalice
1140004670,Mazel Trick
1140004210,King of Kings
1140005971,Dotsero
1140005299,Gold Case
1140004489,Desert Prince
1140003744,Defensive Play
1140005985,Fayruz
1140004409,Tale of the Cat
1140003635,Honor Grades
1140005844,Really Secret
1140004067,Mystery Storm
1140006057,Rinka Das
1140004509,Victory Gallop
1140004252,Concern
1140003933,Roanoke
1140004741,Redoute's Choice
1140006073,Lord Waverley
1140006077,Hurricane Sky
1140006086,Green Line Express
1140004813,Danzero
1140006094,Puntivo
1120001822,ウェイオブライト
1140004532,Distorted Humor
1120001786,スキャターザゴールド
1120001853,クロフネ
1120001821,ヘネシー
1120001879,ムタファーウエク
1120001208,メイショウエイカン
1140004416,Artax
1120001798,メジロブライト
1120001847,アグネスタキオン
1140004675,Mud Route
1140004604,Starborough
1120001801,キングヘイロー
1140004039,Chimes Band
1140004205,Skip Away
1120001795,ストローズクリーク
1120001733,ハンセル
1140004714,High Yield
1120001790,アグネスワールド
1140004641,Wild Zone
1140004665,Bianconi
1140005734,Marchand de Sable
1140004503,Fusaichi Pegasus
1140005922,Platini
1140005919,Know Heights
1140003955,Bold Executive
1140005769,Areion
1140005747,Sevres Rose
1140005219,Event of the Year
1140004682,Souvenir Copy
1120001735,ミラクルアドマイヤ
1140005772,Tejano Run
1120001759,コロニアルアッフェアー
1120001702,ロイヤルタッチ
1120001670,シンコウキング
1120001394,マニラザルーラー
1120001808,スピードワールド
1120001784,ローゼンカバリー
1140005723,Blue Ocean
1120001878,デザートキング
1140004583,Exploit
1140004329,Smoke Glacken
1140004680,Fasliyev
1140004505,Dubai Millennium
1140004418,Timber Country
1120001711,ヒカリバオー
1120001858,テイエムオペラオー
1140004621,Horse Chestnut
1140004022,Devil His Due
1140004343,Sir Cat
1140006095,Paris House
1140004679,Tactical Cat
1140005914,Tour d'Or
1140006114,T. U. Slew
1140006022,Monsun
1140004249,Petionville
1140004180,Lure
1140006151,Gonzales
1140004050,K.O. Punch
1140004415,Silver Charm
1140006167,The Cool Virginian
1140004194,Langfuhr
1140003679,Colonial Affair
1140006170,Caller I. D.
1140006127,Outflanker
1140004758,Stormin Fever
1140005834,Bernstein
1140006184,Tayasu Tsuyoshi
1140006187,Khozaam
1140006189,Caesour
1140004626,Tiznow
1140006203,Alquoz
1120001665,サンデーウェル
1140004699,More Than Ready
1140006013,Kelly Kip
1120001704,オースミタイクーン
1140006036,Lost Soldier
1120001698,ホークアタック
1140005373,Onward
1120001851,ボストンハーバー
1140004702,War Chant
1140004397,Daylami
1140004638,Fantastic Light
1120001906,スウェプトオーヴァーボード
1120001859,メイショウオウドウ
1120001842,サイレントハンター
1140003684,Take Me Out
1140004551,Favorite Trick
1140004589,Elusive Quality
1140005920,Almutawakel
1140004407,Charismatic
1140006019,Grape Tree Road
1140005679,Include
1140004627,Cee's Tizzy
1140004745,Bertolini
1140004539,Wild Rush
1140004497,Montjeu
1140005274,Alhaarth
1120001863,セイウンスカイ
1120001637,エーピーダンサー
1120001767,ユートカイザー
1120001661,ヒシアケボノ
1120001850,バチアー
1120001673,ゼネラリスト
1140004668,Old Trieste
1120001571,トウケイニセイ
1140004504,Lemon Drop Kid
1140004631,Diktat
1120001916,マンハッタンカフェ
1140004738,Lomitas
1120001714,ビワタケヒデ
1120001913,アドマイヤコジーン
1140003423,Silver Ghost
1120001854,キャプテンスティーヴ
1120001629,スターマン
1120001872,ステイゴールド
1140006014,Most Welcome
1120001814,オースミジェット
1140006134,Lavirco
1140004701,Cat Thief
1140006044,Assatis
1140006209,Siberian Summer
1140005263,El Corredor
1140004605,Galileo
1140006260,Jetball
1140004408,Louis Quatorze
1140006270,Polish Pro
1140006272,Tough Knight
1140004166,Roar
1140006275,Gold Trojan
1140004522,Real Quiet
1140006282,Dixieland Heat
1140006130,Doc's Leader
1140004425,Maria's Mon
1140003507,Homme de Loi
1140004167,Numerous
1140006285,Scatmandu
1140005846,Formal Dinner
1120001914,ジャングルポケット
1140004572,Defrere
1120001907,ウォーエンブレム
1120001905,カリズマティック
1120001954,ゴールドアリュール
1120001758,フサイチブライアン
1120001857,マイネルマックス
1140006149,Johan Cruyff
1120001960,ショウナンカンプ
1120001915,ナリタトップロード
1120001981,アグネスデジタル
1140004565,Danehill Dancer
1120001964,シンボリクリスエス
1140005128,Broken Vow
1120001709,ゼンノメイジン
1140004636,Aptitude
1120001757,タイキシャーロック
1120001977,エイシンプレストン
1120001860,メイショウドトウ
1120001647,テイエムジャンボ
1140006133,Lode
1140004712,Rock of Gibraltar
1140006136,Gold Legend
1120001901,タニノギムレット
1120001948,サザンヘイロー
1140005737,Mizzen Mast
1140004740,Buddha
1120001868,ニューイングランド
1140005335,Vindication
1140004705,Stephen Got Even
1120001942,ゼンノエルシド
1140004726,Point Given
1120001849,ブラックホーク
1140004121,Rizzi
1140005908,Anees
1140006119,Kornado
1140006021,Chichicastenango
1140004470,Intikhab
1140006000,Concerto
1140006124,Exchange Rate
1140006125,Freud
1120001966,ファルブラヴ
1140004602,Pivotal
1140004361,Editor's Note
1140004793,Vicar
1140006020,Labeeb
1120001803,マキシムトライ
1140005314,Noverre
1120001908,マリエンバード
1120001515,ビーフロスト
1120001939,エアシャカール
1140004688,Major Impact
1140003300,Allen's Prospect
1140004706,Key of Luck
1140006296,Overbury
1140006337,Digression
1140005285,Johannesburg
1140006333,Red Attack
1140005696,Vision and Verse
1140003565,On to Glory
1140004666,Menifee
1140003862,Wekiva Springs
1140006343,Chief Bearhart
1140005422,Yes It's True
1140006229,Nedawi
1120001961,コロナドズクエスト
1140004721,Kaldounevees
1140005766,Sky Mesa
1120001737,トレジャーアイランド
1120002024,プリサイスエンド
1120002006,キングカメハメハ
1120001975,サウスヴィグラス
1120002004,ネオユニヴァース
1140005947,Century City
1120001953,ゴールドヘイロー
1120001957,ワイルドラッシュ
1140004727,Dixie Union
1140005674,Came Home
1140005267,High Chaparral
1140005873,Malibu Moon
1120001959,アラムシャー
1120001911,デザートストーリー
1140004808,Docksider
1120001707,デュークグランプリ
1120001934,アメリカンボス
1140005713,Xaar
1140006250,Bahhare
1140006153,Eltish
1140005845,Danetime
1140005336,Mineshaft
1140006148,Gold Away
1140006009,Panis
1140006132,Victory Note
1140006155,Loup Solitaire
1140005376,Proud Citizen
1140004632,Josr Algarhoud
1120001636,セキテイリュウオー
1140005349,Invincible Spirit
1140005833,Jump Start
1120001873,ブラックタキシード
1120001696,スズカストリート
1140005757,Dansili
1140006238,Half a Year
1140006359,French Envoy
1140005664,Orientate
1140005286,Street Cry
1140004075,American Chance
1140006280,Helmsman
1140006358,Lasting Approval
1140006366,Piccolo
1140004122,Valiant Nature
1140005417,Put It Back
1140006058,Pure Prize
1140004660,Carnegie
1140006415,Seattle Bound
1140006425,A. P. Jet
1140006418,Ghadeer
1140005830,Monarchos
1120001888,ヴィクトリースピーチ
1140006217,Reset
1120002008,スターリングローズ
1140005673,Officer
1140005758,Dubai Destination
1120002010,シルバーチャーム
1140004767,Golden Missile
1120002062,アルカセット
1140005999,Chapel Royal
1140005333,Empire Maker
1140005759,Exceed And Excel
1120001971,アグネスフライト
1140005404,Songandaprayer
1140004562,Behrens
1120002050,ロージズインメイ
1120001706,シアトルスズカ
1120001747,タックスパラダイス
1120002063,バゴ
1140006310,Rossini
1140005765,Pleasantly Perfect
1120002016,サクラプレジデント
1140005776,Haafhd
1140004114,Vettori
1140005760,Kheleyf
1140005879,Tiger Hill
1140006099,Candy Ride
1140006290,Unusual Heat
1140006026,Purge
1140005934,Lion Heart
1140005396,Forest Camp
1140006048,Tapit
1140006255,Indygo Shiner
1140005770,Big Shuffle
1140005710,Dalakhani
1140004814,Running Stag
1120001986,エアエミネム
1120001976,アグネスゴールド
1120001876,アドマイヤボス
1120001940,ダイタクリーヴァ
1120001965,ムーンバラッド
1120001900,スクワートルスクワート
1120002030,イーグルカフェ
1140005892,Macho Uno
1140005847,Yonaguska
1120001749,プレミアムサンダー
1140005778,King Cugat
1120002051,ゼンノロブロイ
1140006261,Moon Rocket
1140004757,Tobougg
1120001967,アッミラーレ
1120001780,ハイライズ
1140006039,One Cool Cat
1120001875,ダンディコマンド
1140006444,Tanino Gimlet
1140006436,Devon Lane
1140005832,Stormy Atlantic
1140006440,Royal Solo
1140006315,Muhtathir
1140005118,Inchinor
1140006441,Repriced
1140006500,Spanish Steps
1140006490,Pins
1140006503,Tricky Mister
1140004467,Perugino
1140005806,Red Bullet
1140004809,Chester House
1140005898,Oasis Dream
1120002065,タップダンスシチー
1120001928,スエヒロコマンダー
1120002058,ストラヴィンスキー
1140005916,Saint Liam
1140006074,Encosta De Lago
1120001962,グランデラ
1120001881,ウイングアロー
1120002086,ディープインパクト
1120001941,ニホンピロニール
1120001817,マルターズライオン
1140006321,Holy Roman Emperor
1120002084,ハーツクライ
1120002049,デュランダル
1140005762,Storming Home
1140006154,Hesabull
1120001562,メイショウホムラ
1120002043,ザッツザプレンティ
1120002087,ソングオブウインド
1140006040,Bernardini
1140004524,Anabaa
1140005764,Medaglia d'Oro
1140004664,Sea of Secrets
1140005767,Smarty Jones
1140005358,Dr Fong
1140006319,Congrats
1140005876,Azamour
1140006288,Sunray Spirit
1140005378,Royal Applause
1140006308,Essence of Dubai
1140006397,Flower Alley
1140006299,American Post
1120001920,キングオブキングス
1120002105,ファンタスティックライト
1120002097,プレシャスカフェ
1120001890,クリプティックラスカル
1120002103,ロックオブジブラルタル
1140005859,General Nediym
1120001764,トーヨーレインボー
1120001816,ビッグサンデー
1140006515,Dazzling Falls
1140006525,Shinko Forest
1140006533,Ide
1140006535,Chineur
1140006541,Royal Dragon
1140004561,Valid Expectations
1140006276,Perfect Soul
1140006042,Speightstown
1140006606,Strong Contender
1140005777,E Dubai
1140006612,Mayakovsky
1140006620,My Prince Charming
1140004541,Secret Savings
1140006205,Commands
1120002029,ノボジャック
1140005878,Shamardal
1140002402,Straight Strike
1120002055,トーセンダンス
1120002045,スパイキュール
1120002021,ツルマルボーイ
1140006206,King Kamehameha
1140005884,Harlan's Holiday
1140005750,Medicean
1120001922,トーホウエンペラー
1120002102,デビッドジュニア
1140005786,Action This Day
1120002126,ディクタット
1140005842,Chief Seattle
1140006379,Bellamy Road
1120001811,メイセイオペラ
1120001362,バンブーメモリー
1120002121,アドマイヤムーン
1140005897,Oratorio
1140006030,Lonhro
1120002104,スニッツェル
1120002119,ダイワメジャー
1120001833,ミスズシャルダン
1120002117,ケイムホーム
1140006188,Dubawi
1140005896,Hawk Wing
1120002018,モルフェデスペクタ
1140006242,Bluegrass Cat
1140005917,Ghostzapper
1140006478,Librettist
1120001705,サクラケイザンオー
1120001987,ラスカルスズカ
1120001998,ウインマーベラス
1140006033,Footstepsinthesand
1140006392,Sahm
1140006061,Kafwain
1140006464,Layman
1140005711,Falbrav
1140006405,Richly Blended
1140006341,Zamindar
1140006368,Manipulator
1140006157,Zenno Rob Roy
1140006105,Teofilo
1140006376,Sholokhov
1140006066,Canadian Frontier
1140004600,Orpen
1140006393,Minardi
1140006378,Mamool
1120002057,アドマイヤマックス
1120002064,アドマイヤドン
1120002098,アドマイヤジャパン
1120001996,デリケートワン
1140005882,Kyllachy
1140006623,Chato
1140006627,Shantou
1140006629,Lucky Story
1140005864,Van Nistelrooy
1140006293,Birdstone
1140006713,Lion Hearted
1140006350,Friends Lake
1140005768,The Cliff's Edge
1140004728,Helissio
1120002014,サニングデール
1140006106,Authorized
1120002080,リンカーン
1120001779,ワレンダー
1120002069,ウインデュエル
1140005915,Afleet Alex
1120001978,ヤマニンセラフィム
1120002116,ファスリエフ
1120002120,ローエングリン
1140006222,Hard Spun
1120002135,シーキングザダイヤ
1140005712,Refuse To Bend
1140006254,Ballingarry
1140005918,Rock Hard Ten
1140006559,Roi Normand
1140005763,Hold That Tiger
1140006145,Manduro
1120001800,マチカネフクキタル
1120002115,シニスターミニスター
1140006139,Roman Ruler
1140006443,Trans Island
1140006052,Posse
1140006107,Any Given Saturday
1120002132,メイショウボーラー
1140004126,Foxhound
1120002127,ストーミングホーム
1140005779,Northern Afleet
1120001701,トーホウキング
1120002133,ウインクリューガー
1140005885,Flatter
1120001991,スマートボーイ
1140006563,Ocean Terrace
1140006109,Street Sense
1140006487,Val Royal
1140006461,Privately Held
1140005877,Motivator
1140006469,Kalatos
1140006038,Iffraaj
1120002170,チチカステナンゴ
1140005852,Sakhee
1140006544,Anabaa Blue
1140006483,Soave
1140006451,Sligo Bay
1140006306,Best of Luck
1140006550,Elusive City
1140006459,Sunriver
1140006477,Country Reel
1140006177,Congaree
1140006018,Southern Image
1140006448,Not For Sale
1140004624,Royal Anthem
1140006398,Dushyantor
1140006453,Cactus Ridge
1140006456,Concorde's Tune
1140006394,Fastnet Rock
1140006093,Peace Rules
1120002137,スタチューオブリバティ
1140006017,Consolidator
1140006143,Whipper
1140004100,River Special
1140005840,Outofthebox
1140006356,Midnight Lute
1140004590,Crafty Friend
1140006794,Testa Rossa
1140006801,Toccet
1140006024,Eddington
1140006336,Flashy Bull
1140006809,Al Akbar
1140005332,Aldebaran
1140006580,Strategic Prince
1140006390,Raven's Pass
1120002083,テレグノシス
1140006028,Aragorn
1120002092,アンクルスーパー
1120002188,ディープスカイ
1120002159,ブラックタイド
1120002128,ザール
1140006213,Doyen
1140006032,Shirocco
1120001750,アブクマポーロ
1120002136,シェルゲーム
1140006108,Discreet Cat
1140006216,New Approach
1120001746,グリーンアプローズ
1120002088,オンファイア
1120002190,ハイアーゲーム
1120002094,タイムパラドックス
1120002114,サムライハート
1140006091,Opera House
1120002081,スズカマンボ
1140006253,Duke of Marmalade
1120002160,スズカフェニックス
1140003611,Mujadil
1120002129,オレハマッテルゼ
1140006207,Symboli Kris S
1120002052,サンライズペガサス
1140006244,Corinthian
1140006144,Dylan Thomas
1120001671,トーヨーリファール
1120002005,メジロベイリー
1140005853,Observatory
1140006547,Spirit One
1140006656,Spring At Last
1140006158,Scat Daddy
1140006510,Lord of England
1140006555,Awesome Gambler
1140006557,Awesome of Course
1140006554,Sightseeing
1140006506,The Leopard
1140006279,Hurricane Run
1120001899,ダイナマイトメール
1140006671,City Zip
1140006147,Invasor
1140006041,Rockport Harbor
1140006520,Wild and Wicked
1120002123,アサクサデンエン
1140006137,Hat Trick
1140004510,Lagunas
1140006816,Free House
1140006822,Slickly
1140006823,Divine Light
1140005411,Successful Appeal
1140006876,Shawklit Won
1140006880,Gold Halo
1140005966,Millennium Wind
1140006183,Leroidesanimaux
1140006747,Thousand Words
1140006025,Henny Hughes
1120002221,エンパイアメーカー
1140006228,Henrythenavigator
1120002054,カルストンライトオ
1120002185,カンパニー
1120002152,アドマイヤジュピタ
1140006498,Dunkirk
1140006303,Kitten's Joy
1120002208,ヨハネスブルグ
1120002078,アポインテッドデイ
1120002184,コンデュイット
1140006208,Bandini
1120002153,メイショウサムソン
1140003895,Celtic Swing
1140006363,Sea The Stars
1140006317,Colonel John
1120002122,シベリアンホーク
1120002118,アポロキングダム
1120002082,ルールオブロー
1120002191,コマンズ
1120002072,ウインラディウス
1140006364,Tamayuz
1140006666,Crocker Road
1140006429,Old Fashioned
1140006702,Lizard Island
1140006684,Literato
1140006590,Champs Elysees
1140006688,Firebreak
1140006332,Wildcat Heir
1140006686,Blu Air Force
1140006622,Kendargent
1140006423,Majestic Warrior
1120002139,フォーティナイナーズサン
1140006243,Big Brown
1120002219,ハービンジャー
1140006540,Milt's Overture
1140006298,Le Havre
1140006670,Proudest Romeo
1140006651,Dutch Art
1140006899,Sleeping Indian
1140006474,Verglas
1140006911,Silent Name
1140006232,First Defence
1140006909,With Distinction
1140006386,War Front
1140005412,Trippi
1140006903,Forest Grove
1140006233,Curlin
1140006935,Sir Percy
1140006870,Jeremy
1140004206,Averti
1140006959,Manhattan Rain
1140006963,Adcat
1140006046,Whywhywhy
1140006974,Ten Most Wanted
1140006616,Sebring
1120002157,フサイチリシャール
1120002186,アジュディミツオー
1120001870,フィガロ
1120001938,マチカネキンノホシ
1120002215,アドマイヤオーラ
1140006762,Rail Link
1120002189,スウィフトカレント
1120002046,マイネルセレクト
1120002220,ヴァーミリアン
1140005894,Captain Rio
1120002165,パーソナルラッシュ
1120002167,タガノゲルニカ
1120002142,ノボトゥルー
1120002238,キンシャサノキセキ
1120002150,アルデバラン２
1140006528,Pioneerof the Nile
1120002202,スクリーンヒーロー
1120002246,ヴィクトワールピサ
1120002216,カネヒキリ
1120002240,ダノンシャンティ
1140006396,Arcano
1140006463,Uncle Mo
1120002158,サイレントディール
1140006326,Sabmykaa
1120002183,パイロ
1120001963,ロサード
1140006414,Ready's Image
1140006860,Mount Nelson
1140006479,Siyouni
1140006328,Tribal Rule
1140006181,Closing Argument
1140006761,Diamond Green
1140006776,Alamosa
1140006357,Tiz Wonderful
1140006362,Makfi
1140006818,Astronomer Royal
1140006196,Snitzel
1140006748,Vale of York
1140005351,Nayef
1140006542,Excellent Art
1140006056,Cuvee
1120002252,ナカヤマフェスタ
1140006476,Intense Focus
1140006569,Munnings
1120002196,マツリダゴッホ
1120002242,ドリームジャーニー
1120002201,エイシンデピュティ
1140004737,Beat Hollow
1140006929,Amadeus Wolf
1140006926,My Golden Song
1140006940,Sageburg
1140006989,Bahamian Bounty
1140006281,Camacho
1140004016,Goofalik
1140006916,Deep Impact
1140006552,Lord Shanakill
1140006240,Lawyer Ron
1140007002,Alex's Pal
1140007004,Dance Floor
1140004404,Banker's Gold
1140007005,Explosive Red
1140006721,Kodiac
1140004683,Compton Place
1140006744,Super Saver
1140007013,Richter Scale
1140006311,Master Command
1140006790,Thorn Park
1140006501,Cowboy Cal
1140007066,Repent
1140006168,D'wildcat
1140006982,Northern Meteor
1140006918,During
1140006839,Neo Universe
1140006071,Charge Forward
1120002250,アサクサキングス
1120002267,ディープブリランテ
1140006927,Star Dabbler
1120002241,カジノドライヴ
1140006579,Power
1120002276,キングズベスト
1140006536,Scipion
1120002243,ワークフォース
1120002247,キャプテントゥーレ
1140006615,Denman
1140006549,Frankel
1120002281,マンハッタンスカイ
1120002261,アイルハヴアナザー
1120002268,ルーラーシップ
1120002275,ストリートセンス
1120002233,ブレイクランアウト
1140006519,Cape Blanco
1140006701,Clodovil
1120002056,ヒシミラクル
1120002214,バトルプラン
1120002256,バンブーエール
1120002266,サマーバード
1120002251,アンライバルド
1120002077,シックスセンス
1140006354,English Channel
1120002181,セイントアレックス
1140006385,Quality Road
1140006302,Zensational
1120002279,リーチザクラウン
1120002177,コパノフウジン
1140006265,Sharp Humor
1140006843,Burning Roma
1140006571,Rip Van Winkle
1140006859,Doctor Dino
1140006618,Majesticperfection
1140006932,Harlington
1140006808,City Banker
1140006734,Sepoy
1140006570,Myboycharlie
1140006652,Acclamation
1140006874,Wild Event
1140006494,Heatseeker
1120002162,ジャイアントレッカー
1140006853,Catcher In The Rye
1140006647,Mastercraftsman
1140006868,Sixties Icon
1140006939,Lope de Vega
1140006693,Soldier Hollow
1140005805,Tiger Ridge
1140003815,Interprete
1140007079,Alkaased
1140006424,After Market
1140006749,Eskendereya
1140004535,Cape Town
1140006837,Heart's Cry
1140006625,Big Bad Bob
1140005761,Monsieur Bond
1140007094,Crimson Tide
1140007168,Ad Valorem
1140006654,Catienus
1140007175,Untuttable
1140007075,Tavistock
1140007196,Toolighttoquit
1140006513,Samum
1120002224,マルカシェンク
1140006802,Dominus
1120002253,ベーカバド
1120002265,タートルボウル
1140006223,Street Boss
1120001773,バトルライン
1120002272,フリオーソ
1140006723,Ice Box
1120002289,ノヴェリスト
1120002294,オルフェーヴル
1140006431,Stroll
1140007037,Multiplex
1120002306,ハードスパン
1140006676,Sidney's Candy
1140006594,Lantana Mob
1120002262,スマートファルコン
1140006825,Camelot
1120002295,ロードカナロア
1120002293,エイシンフラッシュ
1120002283,ジョーカプチーノ
1120002001,スリリングサンデー
1140006624,Pour Moi
1120002068,チアズブライトリー
1140006588,Tale of Ekati
1120001806,ダイタクサージャン
1140006626,Zoffany
1120002277,オウケンブルースリ
1140007063,Solon
1120002307,ヘニーヒューズ
1140006900,Casamento
1140006943,Starspangledbanner
1140006924,Morning Line
1140006954,Yesbyjimminy
1140004687,Dance Brightly
1140007028,Seattle Fitz
1140006824,Reckless Abandon
1140005988,Zavata
1140006740,Shackleford
1140006710,Tizway
1140006512,Wiesenpfad
1140006648,Canford Cliffs
1140006727,Custom for Carlos
1140006922,All American
1140006674,Roderic O'Connor
1120002229,サクラオリオン
1140006224,Aussie Rules
1120002171,ネイティヴハート
1140007157,Storm and a Half
1140007083,Silver Planet
1140006472,Poet's Voice
1140006836,Pyro
1140007209,Zafeen
1140006027,First Samurai
1140006568,Midshipman
1140007285,Indian Rocket
1140007289,Pegasus Wind
1140007035,Offlee Wild
1140006829,Stay Gold
1140007298,Fast 'N' Famous
1120002031,キッケンクリス
1120002320,ダンカーク
1120002301,エスポワールシチー
1120002274,トーセンホマレボシ
1120002330,ジャスタウェイ
1120002169,ボーナスフィーバー
1140006835,Admire Moon
1140006645,Intello
1120002290,ストロングリターン
1140006826,Declaration of War
1140007104,Christine's Outlaw
1120002222,トーセンファントム
1140007108,Southdale
1120002223,トーセンブライト
1140006925,Vespone
1140006561,To Honor and Serve
1140007052,Dabirsim
1140006635,Gio Ponti
1140007053,Zanzibari
1140006527,Blame
1140006657,Orb
1140007030,Sir Prancealot
1140006739,Union Rags
1140006921,Wilburn
1140006718,Adios Charlie
1140007141,Sunday Break
1140007128,Global Hunter
1140007023,Not A Single Doubt
1140007032,First Dude
1140006901,Equal Stripes
1140007077,Havana Gold
1140007103,Style Vendome
1140006711,Archarcharch
1120002237,ローレルゲレイロ
1140006395,Lawman
1120002355,スピルバーグ
1140007147,Agnes Gold
1140007135,First American
1140006668,Shanghai Bobby
1140006675,Drosselmeyer
1120002271,エイシンアポロン
1120002096,ナリタセンチュリー
1120002296,トーセンロレンス
1120002305,モンテロッソ
1140006798,Twirling Candy
1120002329,ケープブランコ
1120002035,イシノナイト
1140007203,Fast Company
1140006919,Liaison
1140007164,Fortify
1140006937,Dream Ahead
1140007264,Fort Prado
1140006820,Dark Angel
1140007302,Golan
1140007303,Pastoral Pursuits
1140006409,U S Ranger
1140007341,Milwaukee Brew
1140006608,Into Mischief
1140007392,Popular
1140006582,Bodemeister
1140006768,Australia
1140006950,Charm Spirit
1120002091,バランスオブゲーム
1120002349,エピファネイア
1120002352,キズナ
1120002264,トビーズコーナー
1140006714,Temple City
1140006893,Swiss Spirit
1140007231,Planteur
1120002124,スターキングマン
1120002326,トーセンラー
1120002291,ローズキングダム
1120002302,スマートロビン
1140006972,Cairo Prince
1120002284,トランセンド
1140006566,Tapizar
1140007131,Redattore
1120002331,ベルシャザール
1140007166,St. Petersburg
1120002174,ロードアルティマ
1120002312,ダイシンオレンジ
1120002304,ロジユニヴァース
1120002200,リキアイサイレンス
1140006875,Violence
1140006775,Kingman
1140006904,Lookin At Lucky
1140007106,Grand Reward
1140006307,Pollard's Vision
1140006942,Equiano
1140006649,Thewayyouare
1140007017,Reliable Man
1140007059,Pedro the Great
1120002255,オウケンマジック
1140007126,Skipshot
1140007113,Lord Kanaloa
1140007124,Going Commando
1140007129,Cross Traffic
1140005943,Kingsalsa
1120002328,トーセンジョーダン
1140006268,Giacomo
1140007239,Oxbow
1140006669,Animal Kingdom
1140006840,Victoire Pisa
1120002354,マジェスティックウォリアー
1120002337,グランプリボス
1120002340,サンカルロ
1120002000,ゴールドプルーフ
1140007202,Bated Breath
1140007326,Stripes Song
1140006743,Haynesfield
1140007333,Born To Sea
1140006828,Daiwa Major
1140007465,Foxwedge
1140007469,Ecclesiastic
1140007476,Marciano
1140007481,Bowman's Band
1140007353,Astrology
1140007482,Silver City
1140007373,Sebi Halo
1140007484,Workforce
1140006578,So You Think
1120002363,ワールドエース
1120002356,リアルインパクト
1140006847,American Pharoah
1140006672,Dawn Approach
1120002090,ウォーターリーグ
1120002298,シルポート
1120002239,スーパーホーネット
1120002205,カフェオリンポス
1140006994,Muhaarar
1140006774,Nathaniel
1120002327,パドトロワ
1120002397,モーリス
1140007001,Maclean's Music
1120002370,カレンブラックヒル
1120002357,エスケンデレヤ
1140007325,Paynter
1120002350,フェノーメノ
1140007352,Flat Out
1120002343,カフェラピード
1140006796,Hansen
1140007096,Palace Malice
1120002369,ゴールドシップ
1120002269,スズカコーズウェイ
1120002366,コパノリチャード
1140007323,Easing Along
1140006938,Sea The Moon
1120002390,ドゥラメンテ
1140007237,Ruler of The World
1140006941,No Nay Never
1140007331,True Cause
1140007145,Society Rock
1140007249,Hinchinbrook
1140007236,Alex The Winner
1140007358,Not This Time
1140007361,Brilliant Speed
1140006539,Creative Cause
1120002396,マクフィ
1140007304,Mr Speaker
1140007224,Tawqeet
1140007378,Suggestive Boy
1140007305,Smiling Tiger
1140007272,Anodin
1140006854,Honor Code
1140007261,Istan
1140007360,Circular Quay
1120002022,ナスダックパワー
1120002273,アーネストリー
1120002391,ディスクリートキャット
1120002260,ビービーガルダン
1140007311,Get Stormy
1120002325,レッドスパーダ
1120002394,ラブリーデイ
1140006834,Orfevre
1140007335,Vertiformer
1140007391,Court Vision
1120002395,リオンディーズ
1140007143,Wootton Bassett
1140007324,Heliostatic
1140007329,Tertullian
1140006678,Trappe Shot
1140006981,Uncaptured
1140007439,Red Runner
1140007451,Winker Watson
1140005410,Black Minnaloushe
1140007511,Maxios
1140007512,Harbinger
1140007456,Due Diligence
1140007117,I Am Invincible
1140006864,Hallowed Crown
1140006532,Warrior's Reward
1140007597,Reload
1140006882,Overanalyze
1140006996,Carpe Diem
1140006914,Graydar
1140007234,Stormy River
1140007612,Shakespeare
1120002400,ダノンレジェンド
1140007058,The Gurkha
1140007314,Gemologist
1120002412,クリーンエコロジー
1120002428,ロゴタイプ
1120002193,エムオーウイナー
1120002362,ワンダーアキュート
1120002197,ヴリル
1140006934,Showcasing
1140007419,Zarak
1120002333,トゥザグローリー
1140006709,Jimmy Creed
1120002358,グランシュヴァリエ
1120002426,キタサンブラック
1140007420,Awtaad
1140006849,Liam's Map
1140006953,Air Force Blue
1140007322,Wicked Strong
1140006851,Constitution
1140007330,Elzaam
1140006819,Gleneagles
1140006965,He's Had Enough
1140006973,Square Eddie
1140007443,J Be K
1140007380,Epaulette
1140007371,Coulsty
1120002372,トゥザワールド
1120002342,タガノロックオン
1140006856,Will Take Charge
1140007423,Dundeel
1140007180,Mikki Isle
1140007248,Cosmic
1140007195,Bel Esprit
1140007301,Dandy Man
1140007357,Adelaide
1140007447,Utopia
1120002407,アジアエクスプレス
1140006902,Verrazano
1140007038,California Chrome
1120002053,ミスキャスト
1140007351,Prospective
1140007381,Oscar
1120002425,イスラボニータ
1120002303,フサイチセブン
1140006910,Magician
1120002332,クレスコグランド
1140007390,Storm Embrujado
1140007413,The Wow Signal
1140007339,Laoban
1140007415,Daredevil
1140007251,Pierro
1140007455,Gregorian
1140007385,Needs Further
1120002398,ミッキーアイル
1140007387,Treasure Beach
1140007705,Super Easy
1140007710,Burgundy
1140007713,Toorak Toff
1140006970,Strong Mandate
1140007029,Gun Runner
1140007047,Frosted
1140007463,Written Tycoon
1140006767,Rio de La Plata
1140007699,Intidab
1140007701,Saintly Look
1140006583,Girolamo
1140006699,Point of Entry
1140007703,Magna Graduate
1120002482,サトノクラウン
1140007436,Mehmas
1120002469,タリスマニック
1120002436,ビッグアーサー
1140007015,Highland Reel
1120002319,ダノンバラード
1120002441,シルバーステート
1120002429,ドレフォン
1140007408,Vadamos
1120002389,クリエイター２
