sire_id,sire_name
0000000000,トウルヌソル
1110000576,パーソロン
1120000007,グツドリー
1120000037,ウチユウオー
1120000012,シユーテイングチヤント
1120000334,ミリオンパラ
1110001068,メイジシロー
1120000017,ロードリージ
1120000333,オサイチテツト
1120000183,ソシアス
1120000136,アレツ
1110001015,インターメゾ
1120000062,ラデイガ
1120000157,ダストコマンダー
1120000290,ホークイクスプレス
1110000875,ダツパー
1120000227,ラバージヨン
1120000130,マイフラツシユ
1120000150,ビービービー
1120000080,エンドレスハネー
1120000229,ボールドコンバタント
1120000226,バツクマスター
1110000809,ハマテツソ
1120000303,ラングクレスト
1120000203,フイリーバロン
1120000143,アフレスコ
1110000993,フロリバンダ
1120000155,モデルフール
1120000335,レイズアボーイ
1120000154,エルセンタウロ
1110000533,ダイハード
1110000866,バーバー
1120000291,ノーザンテースト
1120000162,アンバロイド
1120000174,メジロムサシ
1120000237,ストロングエイト
1120000001,スピードシンボリ
1110000800,ハードリドン
1120000298,クレバーフエラ
1110000795,テスコボーイ
1110000922,フオルテイノ
1120000165,イエラパ
1110000959,ネプテユーヌス
1120000073,ボンモー
1120000221,トンピオン
1110000575,ダラノーア
1120000011,スーパーサム
1120000224,ホーント
1120000138,シーホーク
1110000744,フイダルゴ
1120000222,モバリツズ
1120000219,ダイアトム
1120000045,アローエクスプレス
1120000022,フイルモン
1120000087,アステツク
1120000010,ステインテイノ
1120000215,タイテエム
1120000311,エリモシブレー
1120000016,フアーザーズイメージ
1120000146,イエローゴツド
1110000730,サウンドトラツク
1120000074,スカイマスター
1120000244,ロングエース
1120000148,ホイスリングウインド２
1120000013,ハーケン
1120000252,ハイセイコー
1120000018,ラナーク
1110001013,フアバージ
1120000296,ベイラーン
1120000134,ボールドリツク
1120000042,コントライト
1120000223,アイリツシユボール
1120000246,タケホープ
1120000139,タレイラン
1120000302,ジヨツギング
1120000132,ラム
1120000292,ダンデイルート
1120000261,ヒデハヤテ
1120000141,プルバン
1120000067,バルバール
1120000275,サーグラウスターク
1120000109,ランドオーカン
1120000322,タニノチカラ
1120000061,ウイロウイツク
1110000729,オンリーフオアライフ
1120000240,デイバインギフト
1120000231,ハクホオシヨウ
1120000149,ミンスキー
1110000706,シンザン
1120000164,タパルク
1110000689,ムーテイエ
1120000003,リユウズキ
1110000520,ウイルデイール
1120000114,フアリングドン
1110000457,チヤイナロツク
1120000225,ワイルドウインター
1110000976,ニホンピローエース
1110001028,アラナス
1120000297,ソヴリングリーム
1120000019,プロント
1110000884,メジロサンマン
1120000184,カツタイコウ
1110000754,フアラモンド
1120000140,ロンバード
1120000158,バツクストツパー
1120000014,ロイヤルタタン
1120000133,オーバン
1120000313,ドミナス
1110000796,ブランブルー
1120000220,ボールドアンドフリー
1120000329,キタノカチドキ
1120000197,フアストバンブー
1120000166,ラフインゴラ
1120000137,カウアイキング
1120000084,スノツブ
1120000172,デユール
1110000629,セダン
1110001030,ヒツテイングアウエー
1120000307,アラングランジユ
1120000058,シルバーシヤーク
1110000894,マリーノ
1110000937,シエスキイ
1120000113,モンテセロ
1120000077,クロケツト
1120000323,ユウシオ
1120000147,ドン
1120000169,レツドイーグル
1110000453,テツソ
1110000728,インデイアナ
1120000031,アイグル
1120000170,ウエンセスラス
1110001017,レイバーン
1120000262,メジロゲツコウ
1110000620,フイリユース
1110000856,ブツシヤン
1110001034,アサカオー
1120000171,クリスタルボール
1110000917,リユウフアーロス
1120000029,フラツシユライト
1120000308,フアルコン
1120000030,シーフレンド
1110000419,ヒカルメイジ
1120000091,ワイルドモア
1120000069,トラフイツク
1120000066,フリートウイング
1120000281,サイエンテスト
1120000056,ライオンハーテツド
1110000865,アザーストーンウツド
1120000285,シユプリームギフト
1110000798,ラークスパー
1120000078,ダンシングキヤツプ
1120000145,ダツパーダン
1110000806,ニルコス
1120000028,シヤトーゲイ
1110001010,セントクレスピン
1120000271,ドレスアツプ
1110000969,タケシバオー
1120000072,ニクサー
1120000124,アストラルグリーン
1110000857,ミンシオ
1120000070,カズマサオー
1120000294,リンデントリー
1110001069,タニノムーテイエ
1120000046,ソデイアム
1120000142,サンシー
1120000207,ラツサール
1120000075,ステユーペンダス
1120000009,ネルシウス
1120000159,フアーストフアミリー
1110000936,ヴエンチア
1110000938,ヒシマサヒデ
1110001083,ペトロス
1120000282,トライバルチーフ
1120000161,ザペイシエント
1120000320,ナオキ
1120000004,モニター
1110001016,セルテイツクアツシユ
1120000118,キンセンオー
1120000068,タカウオーク
1120000180,スインホウシユウ
1120000105,フエイヴオリツトバード
1120000284,テユデナム
1110000501,テユーダーペリオツド
1110000960,リマンド
1120000151,プリンスロイヤル
1110000824,ヤマヒロ
1120000021,グレートホワイトウエー
1120000152,ノーレアセ
1110000863,パーシア
1120000095,ミズホ
1120000268,モハビ
1120000295,ムーリン
1120000191,ホウヨウヒカル
1120000196,フジプリンス
1120000006,ハイハツト
1110000962,バウンテイアス
1120000065,ロイヤルドリマー
1120000325,トルーエクスプレス
1110001041,バダクシヤーン
1120000301,カピト
1110000548,ヘリオス
1130000054,Sir Ivor
1130000096,Nijinsky
1110000925,ロムルス
1110000878,ホワイトフアイア
1110000883,ダイコーター
1110000877,アイオニアン
1120000025,フオンタラバル
1110000801,ナデイア
1120000314,コーネルランサー
1120000289,フランキンセンス
1120000336,イチフジイサミ
1120000316,ヒガシヒンド
1110000872,エタン
1110000799,フジオンワード
1120000024,ルイスデール
1120000063,ボールドアンドエイブル
1110000534,イーグル
1120000321,メイジザオウ
1120000015,ジヤングルプリンス
1120000115,カナデル
1120000288,クロマニヨン
1120000088,レイザン
1120000287,リツチボーイ
1110001043,ゴールデンプルーム
1120000286,サーペンフロ
1120000023,スターアツフエアー
1110000815,アワバブー
1110000868,テインキング
1120000178,セントマーチス
1120000027,タンデイ
1110000818,マタドア
1120000257,インタープライド
1120000332,ホウシユウリツチ
1120000101,クリシバ
1120000057,ペール
1120000086,ダデイダンフイ
1120000049,ダテホーライ
1110000666,シンオンワード
1120000135,ロータスイーター
1120000076,アーサー
1120000110,メジロアサマ
1120000305,フイデイオン
1120000036,ハクセンシヨウ
1120000175,ケンポウ
1120000200,ダテリユウセン
1120000238,トモエオー
1110000331,カバーラツプ二世
1110001029,ベルバリー
1110000665,トサリユウ
1130000098,Native Charger
1120000344,ギヤラントモア
1130000014,Uruguayo
1120000194,パインポイント
1120000277,オンワードガイ
1110000945,ゴールデンパス
1120000315,ナニワライト
1120000233,グレートオンワード
1120000160,イースタンフリート
1110000736,バリメライス
1110000558,ケンマルチカラ
1120000228,レボウ
1110000956,ダンスール
1110001027,バルダスト
1120000163,ゲイサン
1120000106,エリモホーク
1120000209,エリモカツプ
1120000306,フアナテイコ
1120000212,ダイゴウ
1120000144,グレートヘロン
1120000328,インターブレイン
1110000505,アポツスル
1120000239,グリーングラスグリーン
1120000079,インデイアンコーン
1120000254,ランドジヤガー
1110000610,カネツセーキ
1120000050,シーズコマンド
1120000186,トウシヨウピツト
1120000129,ニホンピロムーテー
1120000002,ハイケーレツド
1120000167,トレンタム
1110000953,テツノオー
1120000153,リブリボー
1120000255,グロリアスオー
1110001039,ボールドアンドブレーヴ
1120000234,マイハート
1120000300,グツドウツド
1110001012,パヴエー
1120000247,タケクマヒカル
1120000299,フイリツプオブスペイン
1110000892,ノーアリバイ
1120000182,ダテテンリユウ
1110000609,キノー
1110000876,サミーデイヴイス
1120000187,ギヤロツプ
1110000862,アーコー
1120000094,ハクマサル
1120000250,トキワタイヨウ
1120000293,オランテ
1120000241,イシノヒカル
1110001067,テストケイス
1110001025,エルギヤロー
1120000005,スパイウエル
1130000002,Irish Castle
1130000103,Northfields
1130000041,Gallant Man
1130000896,Poker
1130000138,Bold Bidder
1130000876,Proudest Roman
1130000273,Chieftain
1130000149,Mill Reef
1130000171,Red God
1130000316,Derring―Do
1130000142,Mount Hagen
1130000118,Hill Rise
1130000885,L'Enjoleur
1130000879,Icecapade
1130000353,Exclusive Native
1130000880,Plotting
1130000877,Key to the Mint
1130000882,Master Hand
1130000898,Ward Mcallister
1130000056,Silent Screen
1130000143,Majestic Prince
1130000008,Apalachee
1130000884,Torsion
1130000878,Raja Baba
1130000883,Quack
1130001574,ブラーニーキス
1120000052,サラセンソード
1120000038,カネハヤテ
2110001058,キタノダイオー
2120000003,ランドプリンス
1110001036,モンタサン
5120000169,ミユキヒカリ
5120000127,トウスイホープ
5120000065,サトホース
5120000081,テイモテオ
5120000014,クモシマ
5120000166,プレシヤスゴールド
5110000887,バラセイユウ
5120000122,ミツノセカイ
5110000832,イーストセイオー
5110000640,トウキンコー
5120000073,カステイラツク
5120000108,マルブツライト
5110000918,シユウザンミノル
5120000167,アキバヤマ
5120000088,フーフオレー
5120000016,モンクール
5120000168,ゼネラルオー
1110000741,グレイモナーク
5120000010,プンジヤブ
1110000618,ヴイミー
5110000708,オーギ
5110000611,トモカゲオー
5110000814,ダイリン
5120000138,タイムライン
5120000054,マルゼンパール
5120000155,ギンパール
5110000380,セイユウ
5120000045,アサヒマロツト
5120000041,ガリト
5120000132,ポートスーダン
5110000625,ライジングホース
5120000131,ウダイジン
5110000828,タガミホマレ
6110001006,センジユスガタ
5120000076,プルコワパス
5120000056,ドルマン
5110000985,ホワールウインド
5110000981,ゼネラルパーク
5120000161,アイズムサシ
5110000654,マスホマレ
5120000075,ピンクフロイド
5110000616,ミヤマシユーホー
5120000064,リキシヨウ
5120000027,ムツミシゲル
5120000123,タランドロス
5110000550,センジユ
5120000116,ゲール
5110001048,キクマサ
5120000048,スカレー
5110001052,ヤマアキラ
5110001060,フイリユースオー
1120000243,エリモオー
1130000872,Foolish Pleasure
1110000880,ミシアーフ
1120000363,メトロオーカン
1120000349,カラード
1120000054,タケデンボー
1120000131,ザポテコ
1120000043,ルヴアルマラール
1120000347,ハードツービート
1120000354,ホープフリーオン
1120000235,ベルワイド
1120000362,シリコーン
1110000568,ネヴアービート
1120000198,リクダイニチ
1120000352,ハーデイカヌート
1120000156,ガンボウ
1120000361,キングスカンパニー
1120000348,ツイツグ
1120000365,インターグツド
1120000366,スガノホマレ
1120000318,テスコホマレ２
1110000499,エイトラツクス
1120000189,ヒデチカラ
1120000372,カブラヤオー
1120000116,ゴールドライジン
1120000387,ホウシユウエイト
1110001014,マニツクス
1110001042,キングナスルーラー
1120000273,カネイコマ
1110000546,ハクシヨウ
1120000353,シンギングビード
1110001051,ライトワールド
1110000935,ヘンリーヒギンズ
1120000346,スルガスンプジヨウ
1110000753,ハクズイコウ
1110000997,プライアデイーズ
1120000260,ダービーメルド
1120000121,パールトン
1120000345,シヤイニングナイト
1120000201,カヤエイコウ
1120000379,フジノパーシア
1120000381,スカイリーダ
1120000327,メイワイラン
1120000374,サチモシロー
1120000249,ミホラシンマル
1120000376,トキワミドル
1110000871,ロドリゴ
1130000076,Secretariat
1120000270,ムーンマウンテン
2120000005,ニユーカイモン
1120000206,デモンパス
1120000377,ツキサムホマレ
1110001065,グスタフ
1120000090,ケンサチオー
1120000213,シヨーキリユウ
1120000099,ナンポウザン
1120000367,マークリボーイ
1120000055,ドラパル
1110000939,タニノハローモア
1110000735,オーシヤチ
1120000378,カミノテシオ
1120000382,ダムウエイタ
1120000195,ピツチアウト
1120000380,アポロホツカイ
1120000319,ヨドヒーロー
1130000492,Nashua
1130000050,Cornish Prince
1130000170,Reviewer
1130000791,Damascus
1130000557,Prince John
1130001003,Gleaming
1130001164,Wajima
1120000515,ラインゴールド
1130000627,Stage Door Johnny
1130000112,Buckpasser
1130000169,Raise a Native
1130000671,Tom Rolfe
1130001357,Hoist the Flag
1130001359,Stop the Music
1130000144,MacArthur Park
1130001446,Ruritania
1130001514,Guillaume Tell
1130000111,Busted
1130001521,Luciano
1120000279,ロングワン
5120000098,ヨシノセンジユ
5120000015,ヒカルキング
5120000145,サンコオーテツト
5110000855,チカライチ
5120000177,マサミネコージ
5120000163,ルクリ
5110000794,ニホンゴー
5110000949,イイグルオー
5110000973,ヒカルマンナ
5110000844,カネミツヒカリ
5110001024,マルブツセンター
5110000695,イチカツ
5110000790,リキスユリ
5120000165,グレートマウンテン
5110000901,マラテスタ
7110000988,ジゴロ
5110001046,ビツグスリー
5110001022,サンサード
5120000043,シロコ
5120000079,バルダラン
5120000164,タソス
5120000042,トスカイ
5120000188,サルタモンテス
5120000023,ハマシヨウ
5120000196,ビユーアルデ
5120000050,ブルシヨワ
5120000057,テイモウシロー
5120000078,フロルア
1120000081,ダイシンボルガード
5120000080,カステイコ
5120000205,ホクトライデン
5110000978,ホマレマンナ
5120000189,コンセクエント
5120000170,スマノダイドウ
1110001066,シアイボーイ
5110000377,リキスベビー
5120000126,アステイングドウ
5120000074,デオムアン
5120000171,タイヨウクレスピン
1120000390,シルバーネロ
1120000414,トウシヨウボーイ
1120000402,ライジン
1120000267,リボオール
1120000415,マルゼンスキー
1120000430,ボールドラツド　（ＵＳＡ）
1120000419,マイスワロー
1120000418,アンバーラマ
1120000410,フオワードパス
1120000411,フアーストドーン
1120000404,ハンザダンサー
1120000426,クラウンドプリンス
1120000421,ラツキーソブリン
1120000034,アトラス
1120000420,ダーリングデイスプレイ
1120000425,ボイズイーボーイ
1120000417,リベロ
1120000408,ノースオブザロー
1120000397,ジムフレンチ
1120000406,オーバーサーブ
1120000431,ヤマニン
1120000413,ニユーサント
1120000398,ブリニス
1120000008,ズグ
1120000388,バンブトンオール
1120000395,ウエスタンリバー
1120000435,レツクスレンジヤー
1110000859,タイガー
1120000399,デヴイシアツク
1120000035,アマノガワ
1120000359,パールナデイア
1120000403,ロングホーク
1120000375,ホワイトフオンテン
1120000373,ヒロクニ
1120000394,ハツピーダービー
1120000396,チユウオキヤプテン
1130001365,Eaglesham
1120000089,アローフアブル
1120000210,エリモシルバー
1120000405,コインドシルバー
1120000416,カーネルシンボリ
1120000423,シルバーランド
1120000245,ゼンマツ
1110000752,ワイルドベイ
1120000251,シエスタイム
1120000409,フアインフイトル
1120000424,ハシストーム
1120000427,ホツカイダイヤ
1120000351,ヴアルミユール
1130001369,The Minstrel
1130000397,Habitat
1110000972,キヨウエイヒカリ
1110000831,マツチウオン
1110000971,ヒカルタカイ
1120000193,スピーデーワンダー
1120000350,コシエクトーン
1130001380,Rouge Sang
1130001382,Ribet
1130000167,Le Fabuleux
1130001372,Roberto
1130001356,Little Current
1130001405,Val de l'Orne
1130001406,Dance Spell
1120000504,ロイヤルスキー
1130001524,Hatchet Man
1120000558,ターゴワイス
1130001544,Caracol
1130001546,One Pound Sterling
1130001571,ヒズマジエステイー
1130001573,ウイスキーロード
1140000521,St. Paddy
1110000848,カブトシロー
1120000401,ニルキングオー
2120000006,ビクトリーハート
5120000198,ヤングジヨオー
5120000036,ラオスオー
5120000222,イナリタイヨー
5120000007,ハンサムボーイ
5120000224,トスター
5120000236,トサテンプウ
5120000053,アサテンリユウ
5110000738,エルシド
5120000192,イチターフ
5120000218,バビロニアン
5120000216,エルタイガー
5120000235,トクノハルオー
5120000172,ブルーロイヤル
5120000231,イチトク
6120000015,ムツミマサル
5120000223,アリラバツト
1120000478,ニツポーキング
1120000479,スピリツトスワプス
1120000400,アイフル
1120000443,オフイスダンサー
1120000476,ピツトカーン
1120000486,ノーザンネイテイヴ
1110000626,ナスアロー
1120000283,プリンスリーマウント
1120000265,デリーポルツクス
1120000461,アレグザンダザグレイト
1120000487,デイードオブギフト
1120000460,ゲイルーザツク
1120000441,ノーザンデイクテイター
1120000449,ミルジヨージ
1120000440,ノーザリー
1120000447,フレアリングダンサー
1120000473,ヤマニンベスト
1120000456,ヴアイスリーガル
1120000465,マラケート
1120000464,グレンターレツト
1120000459,ゼダーン
1120000463,ステイールハート
1120000484,フアインポート
1120000448,ルボデユール
1120000462,デイープダイバー
1120000483,クライムカイザー
1120000458,サンプリンス
1120000432,プリンスダイテン
1120000454,ニシキエース
1120000468,ヤマブキオー
1120000457,ハンターコム
1120000475,ゼロフアイター
1120000444,ナイスダンサー
1120000445,ノーザンアンサー
1130001416,Persian Bold
1110000991,ハツライオー
1120000472,ネヴアーダンス
1120000258,ブルーパサー
1120000474,パーソナリテイ
1120000495,アグネスチカラ
1120000389,アグネスキング
1120000434,タイプアイバー
1120000466,マグニテユード
1120000438,バンブトンシエード
1110000931,プリンシパルボーイ
1120000455,スコチアン
1120000127,フジワールド
1120000450,アークテイツクフラツシユ
1120000467,ゴールデンリボー
1120000477,マダング
1120000485,フエートメーカー
1110000942,グローリーマンナ
1120000452,トリデジヨウ
1120000446,シヤンペンチヤーリー
1120000453,サンシヤインボーイ
1120000442,リトルリヴア
1110000834,バリモスニセイ
1120000481,ロツキライン
1120000263,ダコタ
1120000611,ノノアルコ
1110000987,シヤイニングヨルカ
1120000053,アシヤフジ
1120000082,リキエイカン
1130001421,Alleged
1120000071,アカネテンリユウ
1120000469,ボールドシンボリ
1120000488,グレートセイカン
1120000766,アーテイアス
1130001417,Captain James
1130001418,Solinus
1130000764,Hot Spark
1130000839,Riva Ridge
1130001506,Grey Baron
1130001508,Bending Away
1130001541,Sinister Purpose
1130001548,Warpath
1130001153,Lyphard
1130001550,Shirley Heights
1130001568,バルメリーノ
1130001569,バステイノ
1130001570,バラチヨイス
1130001511,Blushing Groom
2120000002,ヒカルイマイ
5120000249,ヒロケイライト
5120000250,ミヤトモア
5120000146,イチライジン
5120000221,マルキタオニオン
7110000445,良泳
5120000200,フジライトキング
5120000187,スカイシーダー
5120000243,ペルフロール
5120000143,トモスガタ
5110000739,ゴールドバンカー
5120000089,アニス
5120000180,ホマレリユウ
5120000097,フクセンシヨウ
5120000130,グリンフアスト
5120000246,オヤポツク
5120000238,コーセイジユニアー
5120000203,ホウラツキー
5120000247,アルボシカ
5120000115,ドルフランク
5120000242,タロー
5120000256,キタノトウザイ
5120000186,トキノエイユウ
5120000245,ツーカン
5120000077,アリオワ
5120000219,エルエース
5120000230,スイセイガバナー
1120000519,ストツクウエイ
1120000516,サンフオードラツド
1120000529,ホクトボーイ
1120000525,ソルテインゴ
1120000500,リアルム
1120000505,ニゾン
1120000511,ハビトニー
1120000499,ダンサーズイメージ
1120000498,サテインゴ
1120000537,エリモジヨージ
1120000512,ブラヴオー
1120000532,タニノフエバリツト
1120000524,ウエスタンウインド
1120000901,ゲイメセン
1120000502,リイフオー
1120000493,フエアスポート
1120000538,グリーングラス
1120000501,ソーブレスド
1120000342,マルイチダイオー
1120000510,キングオブダービー
1120000523,スポーツキー
1120000526,ターネンバーグ
1130000865,Arts and Letters
1120000506,トランスアランテイツク
1120000509,キヤタオラ
1120000507,ブレイヴエストローマン
1120000514,ゴーマーチング
1120000513,コリムスキー
1120000508,サドンソー
1120000503,マンオブビイジヨン
1120000522,ジヨンテイオンブル
1120000535,ロングフアスト
1120000536,インターグシケン
1120000368,ノボルトウコウ
1120000531,ミヤリサンヒーロー
1120000714,グランデイ
1120000530,ヒシスピード
1120000517,パーシイコ
1120000533,マツセントルーラー
1130001512,Big Spruce
1120000437,カズエジヨウ
1120000527,レイズユアスピリツツ
1120000494,パリアツチ
1130001527,Hawaiian Sound
1130000870,Mr. Leader
1130000394,Grey Dawn
1130001534,Super Concorde
1130001539,Search for Gold
1130001552,Caracolero
1130001354,Welsh Pageant
1130001572,バイスリージエント
1140000450,Riverman
5120000194,シンコウオーザー
5120000072,ヒダノマツクラ
5120000102,ナルビハヤテ
5120000269,エンゼルアロー
5120000268,イソシオ
5120000258,ケリマイジヤーズ
5120000264,タカサゴオニオン
5120000289,エビタカラ
5120000290,テルヒサ
5120000285,ブルーシヤーク
5120000204,アサシモ
5120000272,クリスチアノフ
5120000047,トキノムサシ
5120000278,カザンウンリユウ
5120000281,マスホウザン
5110001045,ジエスリー
5120000030,イチリキスオー
1120000595,オサイチセイダイ
1120000560,アンズプリテンダー
1120000566,フロステイエスキモー
1120000555,デイクタス
1120000554,ジヤツジヤー
1120000557,イングリツシユプリンス
1120000568,メダル
1120000559,ダイナゴー
1120000571,ダイタクオーザ
1120000550,モーニングフローリツク
1120000556,モガミ
1120000569,アグネスプレス
1120000597,スイフトスワロー
1120000585,カネミノブ
1120000588,ハードバージ
1120000577,サクラシヨウリ
1120000551,ヤマニンプリンス
1120000567,シヤレー
1120000549,ヘイルトウサクセス
1120000547,トウシヨウゲート
1120000539,ヒカリシルバー
1120000534,リキタイコー
1120000562,シンバー
1120000565,コンメモラテイーボ
1120000384,グランドマーチス
1120000470,サンダライン
1120000521,トウシヨウロツク
1120000552,ラツキールーラ
1120000545,ビンゴガルー
1120000590,リキアイオー
1120000592,カシユウチカラ
1120000593,ブゼンダイオー
1120000572,フレーミングユース
1120000570,ニツソウシヤーク
1120000599,ダンケンジ
1120000574,バンブトンコート
1120000544,ハギノオーカン
1120000582,ランドギフト
1120000578,プレストウコウ
1120000596,ハツシバオー
1120000563,ベストブラツド
1120000564,カネミカサ
1120000573,ノトボーイ
1120000587,フアイブワン
1120000581,メイワパツサー
1120000496,ホクエイワン
1120000583,ハシコトブキ
1120000584,レツドルーラー
1130001578,イクスプロウデント
1130001577,オネストプレジヤー
1130001576,ジエネラルアセンブリー
1120000528,ミヤジマレンゴ
5120000315,プリンスホーオン
5120000267,マスエイカン
5120000248,ハヤブサリボー
5120000183,フジホウオウ
5120000309,バドルオージヤ
5120000280,ダイリキホマレ
5120000307,ケルゼツク
5120000316,リマバヤ
5120000274,タキン
5120000283,トーエイジヤンボ
5120000277,ウインエイト
5120000022,ホツカイメイズイ
5120000271,マツツイン
5120000288,ネアルコムサシ
5120000152,スーパーライト
5120000282,オオタワラオー
5120000306,プレジデント
5120000318,メールトウコウ
5120000284,シナノリンボー
5120000323,タクマスリー
5120000311,ジユアンジヨ
5120000265,バビロン
1120000642,アグネスホープ
1120000620,タマモリマンド
1120000540,イワキオブキング
1120000619,テルテンリユウ
1120000613,ウオロー
1120000623,ネーハイジエツト
1120000602,ヴアリイフオージユ
1120000624,ホクトプリンス
1120000632,ヤマニンスキー
1120000636,ホウヨウボーイ
1120000561,サンシヤインシテイ
1120000610,レツドアラート
1120000608,ロイヤルニジンスキー
1120000621,シルバーペガサス
1120000609,ハバツト
1120000612,サンデイクリーク
1120000637,ヨシノスキー
1120000638,ダイタクチカラ
1120000639,テキサスワイポン
1120000627,ステツピングトム
1120000633,タケデン
1120000629,ヤマニンケイ
1120000640,スピリツトガンモ
1120000630,ブルーマツクス
1120000628,ニチドウタロー
1120000607,ロジンスキー
1120000625,キヤプテンナムラ
1120000643,クラノテンコウ
1110001033,マーチス
1120000614,ルセリ
1140000881,Plugged Nickle
1140000883,Lord Avie
1140000885,Valdez
1140000880,Dom Alaric
1140000884,Qui Native
1120000635,カシマセイカン
1120000634,インペリアダーク
1120000615,カツラノハイセイコ
1120000606,フタバナイス
1120000622,リユウドルガ
1120000589,クラウンピラード
1120000617,ウエストポイント
1140000921,To the Quick
5120000333,ウエストフロルア
5120000337,キリータイシヨー
5120000368,ジヨセツグリン
5120000346,エイランセンプー
5120000334,シンメイズイ
5120000225,シヤインマナギイ
5120000361,タカラトウザイ
5120000363,ヤングエー
5120000351,アローインペリアル
5120000055,トツプホース
5120000352,エリモミサキ
5120000317,ホクセイコー
5120000308,ヤングラツキー
5110000769,ヤタノオー
5120000259,タネフジ
5120000360,ユーズキホマレ
5120000029,ラアジアー
5120000320,トライバルセンプー
5120000312,イムラツド
1120000553,バローネターフ
1120000664,ブライトフイニツシユ
1120000649,ミシシツピアン
1120000670,バンブーアトラス
1120000653,ホツトスパーク
1120000655,ノーアテンシヨン
1120000650,ルドウターブル
1120000669,ゴールドスペンサー
1120000662,モンテプリンス
1120000672,ウエスタンジヨージ
1120000673,サクラシンゲキ
1120000687,マナード
1120000678,サーカペード
1120000676,シービークロス
1120000677,フアイブダンサー
1120000692,リバーマーヌ
1140000875,Cure the Blues
1140000876,African Sky
1120000647,トウシヨウイレブン
1120000648,トウシヨウルチエー
1120000666,カツトツプエース
1120000579,カネオオエ
1120000654,ガロト
1120000645,ロイヤルノーザン２
1120000688,マタボーイ
1120000667,リードワンダー
1120000646,サエキヒーロー
1120000616,キヨウエイミリンダ
1120000690,ニチドウアラシ
1120000665,オウエンダツドレイ
1140000878,Melyno
1140000879,Known Fact
1120000652,フオアフアーザー
1120000694,フアーストアモン
1120000657,グレートダービー
1120000658,トウライ
1120000697,マチカネタイテイ
1120000671,カルストンセダン
1120000644,ライブリーラーク
1120000659,テンメイ
1120000660,スズカシンプウ
1120000686,トリプルオプテイミスト
1120000663,エレナスボーイ
1120000683,メジロエスパーダ
1120000604,メジロイーグル
1140000874,Providential
1140000873,Buckfinder
1120000699,エイシンタロー
1120000656,コトノアサブキ
1120000618,アアセイコー
1120000651,フタバハーデイ
1120000698,ホイストザキング
1120000675,コウゼンゼツト
1140000940,Blade
1140001097,In Tissar
1140001095,Painted Wagon
1140001098,Never Tabled
1140001117,Quadratic
1140000937,Bargain Day
1140001350,Draconic
1140001352,Lyphard's Wish
5120000372,ベナ
5120000396,コシジカンセイ
5120000366,ホクトイチモンジ
5120000385,イイオカスター
5120000386,キタノジゴロ
5120000365,ミヤシロオー
5120000378,ホクセイボーイ
5120000373,コマツタイム
5120000377,カツラギセンプー
5120000336,ヤナイエース
5120000244,アステリツクス
5120000275,ニツソウエルシド
1120000746,イブキオーシヨウ
1120000747,ヤマニンボールド
1120000713,カバリスト
1120000720,ヒツタイトグローリー
1120000726,クルセダーキヤツスル
1120000711,アーテイカス
1120000712,グランデイオース
1120000707,リアルシヤダイ
1120000709,タンゾア
1120000730,ハギノカムイオー
1120000715,アンバーシヤダイ
1120000719,トレボロ
1120000741,アスワン
1120000734,サンエイソロン
1120000731,メジロテイターン
1120000740,ノワケ
1120000739,キヨウエイプロミス
1120000738,セクレフアスター
1120000718,カジユン
1120000716,フジヤマテスコ
1120000733,エビスクラウン
1120000724,グリーンマウンテン
1120000700,アズマハンター
1120000736,ホスピタリテイ
1120000737,レツドサン
1120000601,ハツマモル
1120000748,ホクトフラツグ
1120000751,イチエイボーイ
1120000727,アグネスベンチヤー
1120000684,ボルグスキー
1120000729,ユタカセンキ
1120000745,トドロキヒホウ
1120000661,アサクラヤング
1120000723,タクラマカン
1120000756,ブラビオー
1120000721,ハビアスコーパス
1120000752,ニシノエトランゼ
1120000753,ニシノノーザン
1120000710,パンザー
1120000704,ラツキーキヤスト
1120000705,ビツグデイザイアー
1120000703,カツアール
1140000918,Golden Act
1140000917,Sensitive Prince
1120000717,ノースガスト
1120000668,ロビンソンシチー
1120000744,ハワイアンイメージ
1120000695,ダイタクリーガル
1120000735,メイシヨウキング
1120000743,ランズダーン
1140001063,Nureyev
1140001205,Northern Mystic
1140001207,Play for Time
1140001306,Marscay
1140001354,Affirmed
1140001355,Assert
1140000666,Macarthur Park
1140001220,Junction
2120000007,ヒカリデユール
5120000342,ヒロタケ
5120000409,バツフアバーバー
5120000410,ナンシンホープ
5120000397,ゴールデンゲイト
5120000391,エバラポール
5120000405,エルソプラノ
5120000431,セイグン
5120000404,エビムサシ
5120000416,サチエノヒリユウ
5120000407,キタノカズスミ
5120000406,ミマツホマレ
5120000413,ピツトボーイ
5120000426,フアストセンプウ
5120000422,トキテンリユウ
5120000388,マルケンダイドウ
5120000252,ミクニノホマレ
5120000427,エゾノランナー
5120000339,ダテフジキング
5120000408,タイセイシルバー
5120000428,ブルコアニセイー
1120000780,ハツピープログレス
1120000826,カシノエイト
1120000779,ホリスキー
1120000773,クリスタルパレス
1120000772,ストラダビンスキー
1120000767,ジユニアス
1120000809,サルノキング
1120000790,ビゼンニシキ
1120000788,オペツクホース
1120000674,ホーワセキト
1120000819,アイノセントスキー
1120000765,プルラリズム
1120000783,シルクテンザンオー
1120000749,ネオキーストン
1120000800,リードホーユー
1120000775,ジエネラルボーレガード
1120000802,カツラギエース
1120000774,ピユウターグレイ
1120000817,エイシンチカラ
1120000786,ゴールドマサユキ
1120000759,タマトツプ
1120000798,ドロツポロード
1120000782,ロードオブザダンス
1120000792,セントラルフエア
1120000771,コウストンズクラウン
1120000808,ブレーメン
1120000806,デイストロイ
1120000795,トドロキエイカン
1120000769,ソリタリーヘイル
1120000801,ヤマニンセクレ
1120000807,モンテフアスト
1120000770,ストレートアズアダイ
1120000805,キートザボルト
1120000760,エンペリー
1120000810,ヤクモセンシヨウ
1120000761,ラシアンルーブル
1120000778,サニーシプレー
1120000789,ノーベルダンサー
1120000791,キヤノンテスコ
1120000803,ホクトオウシヨウ
1120000787,ミナガワマンナ
1120000776,メイタカ
1120000824,ウインビクトリー
1120000804,イースタンジヨイ
1130001519,Our Native
1140000960,Mr. Long
1140000962,Naskra
1140000961,Avatar
1140000966,Raise a Man
1140000963,Northern Baby
1140000965,Pleasant Colony
1120000757,ナンキンリユウエン
1120000822,ペキンリユウエン
1120000785,ダイシンシラユキ
1120000763,テイジヨウキユウ
1120000777,リーガルステツプ
1120000768,ジヨンデコーム
1120000781,ワカテンザン
1120000823,カミノコーネル
1120000821,ダーリンググラス
1120000750,ステイード
1120000797,アチメオー
1120000793,トウシヨウゴツド
1130000019,Vaguely Noble
1140000665,Lypheor
1140001498,Stonewalk
1140001499,Forward Charger
1140001387,Northjet
1140001508,The Bart
1140001115,Vice Regent
1140000945,Cox's Ridge
1140001547,Star Way
1140001596,Brondesbury
1140001599,Semipalatinsk
1140001603,Prego
1140001614,Palm Beach
1140001616,Vice Regal
1140000817,General Assembly
1140001839,Tolomeo
1140001843,New Regent
5120000440,トスカフエ
5120000398,ハタサカエオー
5120000442,イチトクオー
5120000450,ライトオスカー
5120000464,トキノモナナ
5120000438,タイガートウザイ
5120000191,シズヒロオー
5120000443,マルトヨフリー
5120000454,ニユーサラトガ
5120000453,スーパーソロン
5120000353,ダイニホーラツキー
5120000452,ウインホープ
5120000228,グレートライヒ
5120000343,アオバタガミ
5120000447,フクヒカリオー
5120000209,フジノヨイチ
1120000835,スタイヴアザント
1120000833,ターナボス
1120000837,ケラチ
1120000830,ハイコマンダー
1120000851,パーフライト
1120000831,ルイヴイルサミツト
1120000844,ロイヤルコーチ
1120000850,サイドチヤペル
1120000840,サウスアトランテイツク
1120000871,サクライツトー
1120000838,ペンシルプツシヤー
1120000825,リーフアーマツドネス
1140001138,The Noble Player
1120000883,オンワードカメルン
1140001137,Lomond
1120000834,ミスターシービー
1120000862,オオシヨウハーレー
1120000832,タツプオンウツド
1120000881,ニホンピロウイナー
1120000859,ミルグロリー
1120000839,リーフグレイド
1120000842,ナグルスキー
1120000882,シーハリアースタン
1120000836,テリオス
1120000860,アサカシルバー
1120000867,テユデナムキング
1140000964,His Majesty
1120000880,マツチレススピード
1140001196,Sovereign Dancer
1120000855,エリモタイヨー
1120000870,スズユウ
1120000866,ゴールドレツト
1120000827,ニツポーハヤテ
1140001203,Pampabird
1120000885,スルーズキングダム
1120000868,ヒロカツオー
1120000875,エリモローラ
1120000873,チユウオーリーガル
1120000879,エプソムペガサス
1120000818,トラストホーク
1120000874,オニマリハツト
1120000865,バリシニコフ
1120000876,アツプセツター
1120000854,コーラルシー
1120000852,ロイヤルグルーム
1140001120,Beldale Flutter
1140001124,Saher
1140001121,Daring March
1140001122,Lyphard's Special
1120000849,ハーリー
1140001195,Teenoso
1120000856,ハヤテミグ
1120000689,アスコツトセブン
1120000858,イースタンプレス
1120000811,トウホーソアラ
1120000762,アカマス
1140001193,Law Society
1120000816,ハシクランツ
1120000887,コンノート
1140001199,Kris S.
1140001198,Linkage
1120000872,ハシハーミツト
1140001188,Ayman
1120000841,シアトルエクスプレス
1140001191,Caerleon
1120000864,キヨヒダカ
1120000794,インターグランプリ
1140001503,Verbatim
1140001580,Yashgan
1140001582,Petorius
1140001574,Hold Your Peace
1140000936,Seattle Slew
1140000959,Sham
1140001409,Clever Trick
1140001460,Commemorate
1140001570,Deputy Minister
1140001571,Czaravich
1140001572,Mt. Livermore
1140001823,Lord At War
1140001329,Green Forest
1140001826,World Appeal
1140001859,Otehi Bay
1140001576,Sir Tristram
1140001867,Danzatore
1140001870,Kaldoun
1140001872,Lashkari
1140001880,Hail the Pirates
1140001410,Spectacular Bid
1140000946,Top Command
1140001886,Summing
1140001888,Spend a Buck
1140001402,Miswaki
1140001893,Star de Naskra
1130000807,Pretense
1140001902,Deep Roots
1140002164,Timeless Moment
1140000908,Be My Guest
1140002411,Romildo
1140002599,Gaiter
5120000465,コーホクリユウ
5120000472,ホンリユウ
5120000459,ボールドマン
5120000395,クラセイユウ
5120000419,サンフイバー
5120000429,ダーダネルス
5120000451,イレブンオーザ
5120000354,アサノビアン
5120000338,イナリリユウ
5120000463,トウシヨウマサムネ
5120000117,ヒカリマスホマレ
5120000473,キンカイチフジ
5120000475,ローゼンガバナー
5120000479,マツノテンザン
5120000457,ラビツトスター
5120000486,イワミボーイー
1120000961,シンウルフ
1120000923,ミルフオード
1120000908,パークリージエント
1120000896,ノーリユート
1120000935,ギヤロツプダイナ
1120000899,スカラマンガ
1120000959,チエスナツトバレー
1120000898,ヴイテイージ
1120000963,ロングリート
1120000903,ライラリツジ
1120000922,イルドブルボン
1120000912,レシテイシヨン
1120000948,ウインザーノツト
1120000931,ヒダカスピード
1120000902,デイカードレム
1120000911,ワツスルタツチ
1120000936,スクラムダイナ
1120000958,スズカコバン
1120000927,ブラームス
1120000913,メンデス
1120000924,ミルサイド
1120000945,ペルセポリス
1120000905,ロードザキヤノンズ
1120000941,サクラユタカオー
1120000897,パドスール
1120000925,ベルマン
1120000940,ダイナコスモス
1120000906,ゼネラリゼーシヨン
1120000955,メジロモンスニー
1120000928,ラプシイ
1120000944,ニシノスキー
1120000907,スルーザドラゴン
1120000952,イブキラーゼン
1120000943,サンオーイ
1120000957,テンザンテースト
1120000918,アズマキング
1120000956,シンボリルドルフ
1120000967,ヤマニンビツダー
1140001433,Conquistador Cielo
1120000889,ミスタールマン
1120000877,アバンテイー
1120000949,オーバールツク
1120000904,リフアーズゴースト
1120000934,ミルコウジ
1140001491,Indian King
1120000937,ヨシノエデン
1120000966,フジノフウウン
1130001533,Forceten
1120000892,ワツカオー
1120000920,スーパールーセント
1120000953,ハクホウイブキ
1120000954,サクラガイセン
1120000828,コバシマカイジン
1140001447,Sunny's Halo
1130000863,Caro
1140001451,Vanlandingham
1120000938,トウシヨウペガサス
1140001440,Green Desert
1120000895,レツドボールド
1140001340,Al Nasr
1120000891,ニツトウオーカン
1120000894,アンドレアモン
1120000914,ロバリアアモン
1140001441,L'Emigrant
1120000869,ストレンジヤー
1120000932,ネーハイアンサー
1120000962,ドラマテイツクビツド
1120000942,ダイゼンシルバー
1120000971,ヤマニンスペキユラ
1140001069,Majestic Light
1140001454,I'm Glad
1140001406,Pillow Talker
1120000861,スピーデイタイガー
1120000939,スーパースワロー
1120000921,ダイナミツクリーダー
1120000946,ロツキータイガー
1140001452,Wassl
1140001405,Time for a Change
1140001404,Dixieland Band
1120000915,ニシノリフアード
1120000893,アズユーライク
1120000917,ロシアンブルー
1140001431,Believe It
1140001462,Seattle Song
1140001356,Raise a Cup
1130001186,Graustark
1140001436,Copelan
1140001437,Fit to Fight
1140001067,Arctic Tern
1140001374,Diamond Shoal
1140001432,Buckaroo
1130000006,Ack Ack
1120000890,ダイゼンキング
1120000919,テスコジヨージ
1120000910,サクラシンボリ
1140002083,Dahar
1140001916,Gold Crest
1140001914,Gato Del Sol
1140001308,Alydar
1140002296,Karensky
1140001470,Auction Ring
1140001684,Formidable
1140001173,Fabulous Dancer
1140001449,Thatching
1140002334,Tank's Prospect
1140002336,Fulmar
1140000948,Mr. Prospector
1140002337,It's Freezing
1140002350,Tsunami Slew
1140001561,Top Ville
1140002354,Crystal Glitters
1140001913,Fast Topaze
1140001938,Shadeed
1140002358,Hero's Honor
1140002361,Distinctive Pro
1140002392,Lanfranco
1140001861,Century
1140002311,Secreto
1140002402,Straight Strike
1140002405,Reach
1140001935,Saint Cyrien
1140002165,Regal Remark
1140002439,Stutz Blackhawk
1140002446,Track Barron
1130001358,Halo
1140001931,Phone Trick
1140002181,Shahrastani
1140001591,Sadler's Wells
1140002504,Never So Bold
1140002574,Montelimar
1140002571,Bionic Light
1140002566,Imposing
5120000513,マサノゲンスイ
5120000493,イチコウイナズマ
5120000340,サリユウムサシ
5120000484,ビユーダイヤ
5120000359,ミヤノダービー
5120000507,ホクトイツセイ
5120000326,ベストホワイト
5120000444,ライジングシヤープ
5120000511,ミユキパーソロン
5120000488,リユウシラオキ
5120000399,ダイニハクセキ
5120000509,マグニカチドキ
5120000474,ハクバフアースト
5120000505,ビクトリートウザイ
1120000994,フオテイテン
1120000995,カツテイングブレード
1120000981,スプレンデイドモーメント
1120000980,ムクター
1120000982,ノーパスノーセール
1120000989,プライマリー２
1120000988,ロングミツク
1120001000,ヤワ
1120001033,ビシヨツプボブ
1120001034,サクラサニーオー
1120000964,ダイシユンエイ
1120001027,ダイナサンキユー
1120000990,アンフイールド
1120000984,グリーンマウント
1120001008,ミホシンザン
1120000992,ワイズカウンセラー
1120000979,カーホワイト
1120001030,スズマツハ
1120000999,アレミロード
1120000987,スリルシヨー
1120001014,グレートローマン
1120001023,ブラツクスキー
1140001326,Ahonoora
1140001589,Kenmare
1140000947,Pharly
1120000991,リフアーズスペシヤル
1140001212,Key to the Kingdom
1120001016,ダイナガリバー
1120001013,サクラロータリー
1120001018,ドウカンヤシマ
1120001002,リンバアダンサー
1120001015,ゴールドウエイ
1120000983,シヤカプール
1140001934,Reference Point
1120001006,ダイシンフブキ
1120001020,カウンテスアツプ
1120000909,キクカリユウセイ
1120001011,サクラトウコウ
1120001021,パーシヤンボーイ
1120001025,ロングハヤブサ
1120000996,スピードトライ
1120001028,モンテジヤパン
1120001012,ステートジヤガー
1140001936,Saratoga Six
1120000974,キングハイセイコー
1120001019,ジヨートーマス
1140001344,Cormorant
1140001906,Bates Motel
1140001793,Slewpy
1120001022,エドノハヤテ
1140001438,Glint of Gold
1140001928,Petoski
1140001925,Lear Fan
1140001065,Sharpen Up
1140001942,Star Choice
1140001937,Seattle Dancer
1140001904,Baillamont
1140000811,Explodent
1140001920,Highland Park
1140001593,Wild Again
1120000976,シンブラウン
1120001001,グランドオペラ
1120000845,ユーラシア
1120000847,ミサキネバアー
1140001820,Topsider
1140001588,Dance of Life
1130000057,Sassafras
1140001592,Siberian Express
1120000929,ヒロノワカコマ
1140001310,Temperence Hill
1120000933,オーバーレインボー
1120001007,イクエヒカル
1120001010,クシロキング
1140001907,Bikala
1140001911,Dr. Carter
1140001918,Groom Dancer
1140001944,Zino
1120000975,リキサンパワー
1140001590,Highest Honor
1120000725,タガワテツオー
1120001035,ホーン
1140001927,Pennine Walk
1120000863,ヒズフアンシダンサ
1140001917,Greinton
1120001003,テツノカチドキ
1120001029,サンキヨーシヨウリ
1120000993,シエルシユールドール
1120001004,ニシノライデン
1120000985,マラキム
1140001939,Shernazar
1130001536,Green Dancer
1140001908,Blue Ensign
1140001186,Hello Gorgeous
1140001910,Darly
1120000977,メアジーダンサー
1140001587,Capote
1140002422,Bold Laddie
1140002440,Chief's Crown
1140002365,Relaunch
1140001166,Storm Bird
1140002524,Bering
1140001376,Ela - Mana - Mou
1140001217,Fappiano
1140002569,Trempolino
1140002544,Last Tycoon
1140002572,Ajdal
1140002548,Pancho Villa
1140001434,Tri Jet
1140002364,Manila
1140001155,Danzig
1140001945,Darshaan
1140001459,Commanche Run
1140002593,Glenstal
1140002594,Bluebird
1140002605,Sure Blade
1140002632,Gold and Ivory
1140002635,Kaapstad
1140002660,Crested Wave
2120000008,グランパズドリーム
5120000521,ビンチトール
5120000522,ダイラツク
5120000519,ミスターローレル
5120000498,ヒロノエルシド
5120000523,イナリスター
5120000425,スチールアイアン
5120000534,ミスタージヨージ
5120000530,スマノヒツト
5120000506,テツトテンプー
5120000370,ゴーマルハクバ
5120000414,キタノエルシド
5120000495,オグリマンナ
5120000520,シナノボーイ
5120000518,カントウハヤテ
1120000848,カミカゼイチバン
5120000532,ダンデイダイドウ
5120000528,ミスターダイリン
1120001057,サンキリコ
1120001128,スダホーク
1120001123,ナスノタイザン
1120001066,トウシヨウサミツト
1120001075,トーアフアルコン
1120001050,クリスタルグリツターズ
1120001062,リヴリア
1120001051,ナトルーン
1120001045,プラウドデボネア
1120001087,マチカネイワシミズ
1120001065,アンテイーカ
1120001121,シリウスシンボリ
1120001119,インターネイテイブ
1120001131,トニービン
1120001048,ベリフア
1120001059,シルヴアーヴオイス
1120001038,ジユサブロー
1120001110,シービークラウド
1120001101,タマモクロス
1120001058,プリンスオブバーズ
1120001104,ニツポーテイオー
1120001098,ボールドノースマン
1120001125,ムーンマツドネス
1120001009,ハギノビジヨウフ
1120001061,ストームオンザルース
1120001127,ロイヤルトルーン
1120001063,ジヤツジアンジエルーチ
1120001056,ノーザンボーイ
1120001047,リーチ
1120001079,レイザーレイン
1120001085,ウインドストース
1120001120,ラグビーボール
1120001046,テンパレートシル
1120001093,エビスジヨウジ
1120001049,サンテステフ
1120001086,ワンダービクトリー
1120001052,インデエアンキング
1120001053,ゴライタス
1140001174,Bustino
1120001105,メリーナイス
1120001032,トウホーカムリ
1120001103,スズパレード
1120001064,アンシエントタイム
1120001124,ペルセポリス２
1140002369,Rousillon
1140001430,Irish River
1120001130,トレードマーク
1120001099,ユートスキー
1120001137,シオフネ
1140001940,Slew o'Gold
1140002180,Tasso
1140002172,Devil's Bag
1120001114,ノーザングループ
1120001111,セントシーザー
1120001044,アカビール
1120001106,パルナシヤン
1120001054,マジツクミラー
1120001040,ミユゲロワイヤル
1140002171,Shareef Dancer
1120001060,デイヴイツズバード
1120001055,テユーター
1140002373,Alysheba
1120001078,ギイールグツド
1120001109,タケデンリーダー
1140002370,Sharrood
1140001986,El Gran Senor
1120001135,ダイイチボーイ
1120001112,マルゼンスター
1120001138,スピードヒーロー
1120001100,オグリイチバン
1120001072,ニシノエイカン
1120001096,メジロエドワーズ
1120001071,ワカオライデン
1140002379,Jade Hunter
1120001043,ヤクモデザイヤー
1120001076,ギヤラントローマン
1140002182,Soviet Star
1140002378,Risen Star
1140002486,Mining
1140002375,Antheus
1120001070,イーベルツエーン
1140002376,Rainbow Quest
1140002377,General Holme
1120001116,ミリオンキヤスパー
1120001115,ブルーダーバン
1140002183,Storm Cat
1120001113,ナイアガラノタキ
1120001126,サクスンコテイジ
1120001084,アサヒエンペラー
1120001092,エイシンウオリア
1140002363,Waajib
1120001107,キングフローリツク
1120001088,イーグルボーイ
1140002374,Damister
1140001112,Try My Best
1140002310,Chief Singer
1140001926,Niniski
1120001132,ヤマノスキー
1120000998,ハナキオー
1120001067,ドウカンテスコ
1120001042,ダイタクカピタン
1140002649,Ogygian
1140001637,Irish Tower
1140002667,Charging Falls
1140001909,Dancing Brave
1140002671,Caerwent
1140002672,Wavering Monarch
1140002540,Gone West
1140001518,Private Account
1140001948,Silver Hawk
1140002676,Forty Niner
1140002558,Theatrical
1140002692,Grosvenor
1140002760,Brustolon
1140002763,Conquistarose
1140002761,Western Symphony
1140002553,Woodman
1140002794,Tate Gallery
1140002772,Alzao
1140002736,Nassipour
1140002873,Mister Majestic
1140002869,Henbit
5120000543,ダイジユフレーム
5120000558,エイム
5120000561,マツケンホマレ
5120000433,サンリキユウ
5120000540,スーパーウインナー
5120000481,エスワイトウシヨウ
5120000526,キタサンブルー
5120000541,ローレルスポツト
5120000477,ハツタダイドウ
5120000556,ドウカンガバナー
1120001185,ミナラ
1120001147,フラツシユオブステイール
1120001166,キンググローリアス
1120001173,センシュウルル
1120001164,ブライアンズタイム
1120001189,シンチェスト
1120001175,モガミショーウン
1120001178,ランドヒリュウ
1120001198,メリージョージ
1120001182,エブロス
1120001191,サクラチヨノオー
1120001179,エイシンヒエン
1120001162,スマコバクリーク
1120001177,ジヨージレツクス
1120001163,オウインスパイアリング
1140002551,Raised Socially
1120001158,レジエンドテイオー
1120001149,ワツスル
1120001186,パレスダンサー
1120001184,インイクストリーミス
1140002546,Loyal Double
1120001199,レオテンザン
1140002179,Turkoman
1120001152,レイクコモ
1120001153,ラシアンボンド
1140002529,Claim
1120001167,イクスクルシヴヌレイエフ
1120001145,オークワース
1140001444,Smile
1120001168,ナスルエルアラブ
1120001196,ミナガワビクトリー
1120001176,モガミヤシマ
1120001157,サツカーボーイ
1120001154,シエイデイハイツ
1120001183,マジックマイルズ
1120001148,ノーザンテンペスト
1120001216,サドラーズラッド
1120001097,ヒダシヨウウン
1120001181,タケノコマヨシ
1120001143,アウザール
1120001140,メジロデユレン
1120001146,ブランコ
1120001102,ライフタテヤマ
1120001192,サクラダイオー
1120001136,シングルロマン
1120001155,サキノシヨウグン
1120001156,マイネルグラウベン
1140002538,Glow
1120001195,ミスターホーショー
1140002535,Fairy King
1120001190,ニホンピロマーチ
1120001193,フレッシュボイス
1120001197,プレイズネイチャ
1120001160,トウシヨウレオ
1120001151,サクラゴールド２
1140002530,Cozzene
1140002560,Ziggy's Boy
1140002543,Kendor
1120001208,メイショウエイカン
1120001077,ゴルデンビユーチ
1140002447,Vision
1140002552,Seeking the Gold
1140002531,Danehill
1120001150,リドヘイム
1120001144,ハイブリツジスルー
1140002541,Homebuilder
1140002528,Afleet
1120001073,サクラセダンスキー
1120001142,ポツトナポレオン
1140002539,Gold Alert
1140002547,Mogambo
1140002532,Danzig Connection
1140002550,Proper Reality
1140001382,In Fijar
1140002542,Java Gold
1140002555,Shaadi
1140002549,Polish Navy
1120001165,アイシーグルーム
1120001161,シアトルスキー
1120001074,サクラサワヤカ
1140002556,Stately Don
1120001188,ユーワジャック
1120001180,ユーワジェームス
1120001206,アイランドテイオー
1120001200,キタノイチジョー
1140002534,Esprit Du Nord
1140002533,Eskimo
1140002597,Jalmood
1140002716,Fast Play
1140002818,Dancing Dissident
1140002810,Gulch
1140002827,Nashwan
1140001821,Crafty Prospector
1140002832,Albert Rocks
1140002833,Bold Ruckus
1140002835,High Brite
1140002592,Posen
1140002843,Palace Music
1140002848,Rigoletto
1140002275,Bletchingly
1140002600,Elegant Air
1140002861,Loosen Up
1140002309,Ballad Rock
1140002889,Harp Islet
1140002865,Dancehall
1140002108,Sackford
2120000009,リユウズイシヨウ
1120001036,ネヴアーベター
1120000680,ハクタイユー
5120000499,リキハイ
5120000555,ビクトリーノーザン
5120000557,サンヒコー
5120000482,ゼンニホン
5120000544,ヨシノスカレー
5120000576,ミスターヨシゼン
5120000546,ローゼンホーマ
5120000564,イチコウエンライ
5120000567,アーリーフツト
5120000565,サウンドボーイ
5120000545,ホクセータイガー
5120000570,イソナンブ
5120000571,オタルホーマー
5120000476,ガマエルシド
5120000580,オオタワラ
1120001254,ビーインボナンザ
1120001308,イナリワン
1120001234,クリエイター
1120001236,アロングオール
1120001287,アイネスフウジン
1120001262,キャロルハウス
1120001261,ジェイドロバリー
1120001263,フレンチグローリー
1120001228,ダイヤモンドショール
1120001229,ローズリーフ２
1120001232,サンデーサイレンス
1120001255,アジュディケーティング
1120001225,ファストトパーズ
1120001233,ハープアイル
1120001260,マークオブディスティンクション
1120001240,スターリフト
1120001277,スダビート
1120001273,スーパークリーク
1120001256,ペイザバトラー
1120001269,コクサイトリプル
1120001279,ウィナーズサークル
1120001293,ヤエノムテキ
1120001258,イブンベイ
1120001271,ヤエノダイヤ
1120001235,オールフォゴットン
1120001275,ダイゴウシュール
1120001288,スルーオダイナ
1120001222,ボーザム
1120001221,トロメオ
1120001305,アカデミック２
1120001259,カコイーシーズ
1120001280,キリパワー
1120001253,フェアジャッジメント
1120001297,オグリキャップ
1120001274,スターサンシャイン
1120001284,ミスティックスター
1120001238,ルション
1120001270,バンダムテスコ
1140002680,Rahy
1120001230,バイアモン
1140002677,Night Shift
1120001249,ダイナオリンピア
1120001306,トップクラス
1120001241,ワールドスローン
1120001290,グリンモリー
1120001237,アサティス
1140001513,Diesis
1140002682,Slip Anchor
1120001134,ノーザンモガミ
1120001242,ホクトヘリオス
1120001282,サクラテルノオー
1120001314,ダイナレター
1120001292,ヒッテングエイト
1140002685,Tirol
1140002681,With Approval
1120001302,パッシングパワー
1120001289,アンシストリー
1120001299,アイランドハンター
1140002591,Meadowlake
1120001296,ジャンダルム
1140002684,Flying Pidgeon
1140002554,Sunshine Forever
1120001108,テイオーソロン
1140002679,Criminal Type
1140002607,Old Vic
1120001246,シエラスター
1120001281,セキテイボーイ
1120001214,エイシンビッグワン
1140002678,Eastern Echo
1120001247,ウィニングスマイル
1120001227,シェリフズスター
1120001298,ジングウブレーブ
1140002690,Distant Relative
1140002688,Dancing Spree
1120001295,ローマンプリンス
1120001239,ミラーズメイト
1120001309,カシマウイング
1120001312,ランニングフリー
1120001294,レインボーアンバー
1120001248,スピークリーズン
1120001303,ニツポースワロー
1140002723,Fools Holme
1120001231,イグアス
1120001219,メジロルイス
1120001313,マルブツサーペン
1120001159,タガジヨオー
1120001089,ニホンピロエクセル
1140002859,Slew City Slew
1140002807,In The Wings
1140002806,Royal Academy
1140002367,Well Decorated
1140003029,Chromite
1140002926,Houston
1140003031,Fred Astaire
1140002557,Talinum
1140003048,Fast Forward
1140003055,Literati
1140001068,Far North
1140002800,Easy Goer
1140002927,Lost Code
1140003070,Runaway Groom
1140003071,Northern Flagship
1140003074,Salt Dome
1140002606,Machiavellian
1140001066,Kris
1140003087,Keen
1140003088,Astronef
1140003076,Fighting Fit
1140003021,Dayjur
1140003081,Whitesburg
1140003080,Blushing John
1140001943,Two Punch
1140003116,Bob Back
1140003112,Sharp Victor
1140003094,Bellotto
1140003096,Zabeel
1140003107,Steinlen
1140003119,Common Grounds
1140003111,Polish Precedent
1140003165,Funambule
1140003144,Success Express
1140003270,Canny Lad
1140003345,Doulab
1140003346,Rodwell
5120000607,カゼノトウザイ
5120000595,ホマレブルシヨワ
5120000592,オオヒエイ
5120000600,ヒロタケスター
5120000531,ローゼンタイム
5120000579,スマノアスカ
5120000604,カヅミネオン
5120000606,カズノフアスト
5120000596,キタジマオー
5120000586,オリエントキング
1140002896,Parnassien
1140002898,Cacoethes
1120001224,ニホンピロヤマト
1120001327,スラヴィック
1120001339,スキャン
1120001358,サクラホクトオー
1120001325,リズム
1120001343,ヘクタープロテクター
1120001367,バンブービギン
1120001328,ガダボート
1120001330,サーモンリープ
1120001354,リンドシェーバー
1120001345,モガンボ
1120001333,ダンシングブレーヴ
1120001331,ダンスオブライフ
1120001363,ランフォーエバー
1120001364,ルイテイト
1120001351,イイデセゾン
1120001329,セレスティアルストーム
1140002802,Unbridled
1140002808,Warning
1120001332,ダンスホール
1120001324,ハクタイセイ
1120001326,デュラブ
1120001368,ユーワフォルテ
1120001372,メジロアルダン
1120001347,ランドショウザン
1140002809,Tejano
1140002803,Hansel
1120001340,トライマイベスト
1140002689,Mtoto
1120001257,ニシノミラー
1120001353,モガミチャンピオン
1120001366,オサイチジョージ
1120001373,チュニカオー
1120001356,ミスターシクレノン
1120001139,トマム
1120001321,トウショウマリオ
1120001323,スーパーミスト
1120001360,ダイワゲーリック
1120001338,オークプリンス
1120001218,エイシンハリケーン
1120001201,サクラスパート
1120001320,ノーザンアドヴェンチャー
1120001362,バンブーメモリー
1120001286,ナスノダンデー
1120001307,モガミプレジデント
1140002805,Belmez
1120001352,トキオエレメンツ
1140003018,Summer Squall
1140003166,Cadeaux Genereux
1140003176,Smackover Creek
1140002691,Red Ransom
1140003189,Scenic
1140003192,Roi Danzig
1140003188,Classic Music
1140003160,Strawberry Road
1140003264,Regal Search
1140003272,Bet Big
1140003291,Cryptoclearance
1140003289,Distinctly North
1140003290,Mujtahid
1140003285,Carson City
1140003300,Allen's Prospect
1140003301,Hawkster
1140003279,Black Tie Affair
1140003302,Crusader Sword
1140003305,Beau Genius
1140003019,Cahill Road
1140003309,Broad Brush
1140003275,Thirty Six Red
1140003311,Rare Performer
1140002333,Baldski
1140003315,Darn That Alarm
1140003216,Geiger Counter
1140003323,Varick
1140003324,Quiet American
1140003329,Jeblar
1140003338,Judge Smells
1140002501,Exuberant
1140003342,Wind and Wuthering
1140002925,Generous
1140003361,Abel Prospect
1140003362,Prized
1140001824,Valid Appeal
1140003187,Leo Castelli
1140003282,Glitterman
1140002804,Alwuhush
1140003197,Housebuster
1140003393,Fountain of Gold
1140003491,Goldneyev
1140003512,Don't Say Halo
1120001392,ツータイミング
1120001402,ハクヨウコマンド
1120001383,セクレト
1120001416,プレクラスニー
1120001401,ドクターデヴィアス
1120001417,メジロライアン
1120001436,レオダーバン
1120001397,エルセニョール
1120001386,ステートリードン
1120001406,ジヨージモナーク
1120001398,ゴールデンフェザント
1120001400,シャルード
1120001390,シャーディー
1120001381,タイトスポット
1120001385,ポリッシュネイビー
1120001422,ダイユウサク
1120001387,グロウ
1120001430,ダイタクヘリオス
1120001423,オースミシャダイ
1120001382,クリミナルタイプ
1120001410,ミュージックタイム
1120001399,ロドリゴデトリアーノ
1140002787,Midyan
1120001405,トーワトリプル
1120001407,センリョウヤクシャ
1140003017,Be My Chief
1120001418,ムーンライトパレス
1120001437,レッツゴーターキン
1120001425,アズマイースト
1140003013,Quest for Fame
1140002799,Lycius
1140003016,Mythical Ruler
1120001414,スパートホーラー
1120001389,ザーラージル
1120001223,アルファジェス
1120001391,ヘイルシャム
1120001375,カネハボマイ
1120001394,マニラザルーラー
1120001393,サーペンアップ
1120001336,カネショウホーライ
1120001421,プレジデントシチー
1140002924,A.P. Indy
1120001194,グランドテスコ
1120001379,バンブーパッション
1120001409,ルヴィオロヌー
1140002923,Dancing Pirate
1120001357,ショウリテンユウ
1140003014,Rubiano
1120001412,ダイイチコウヤ
1120001365,オサイチブレベスト
1120001374,ダイカツケンザン
1120001334,ドクタースパート
1140003399,Opening Verse
1140003410,Sikeston
1140003414,Lively One
1140003106,Dynaformer
1140003421,Zilzal
1140003423,Silver Ghost
1140003494,Elmaamul
1140003490,Kefaah
1140003493,Silver Kite
1140003492,Polar Falcon
1140003508,Jolie's Halo
1140003504,Suave Dancer
1140003408,Indian Ridge
1140003326,Rock Hopper
1140003506,Pursuit of Love
1140003325,Pine Bluff
1140003509,Demons Begone
1140003256,Herat
1140003510,Mi Preferido
1140003511,Spectacular Love
1140003541,Stylish Century
1140003545,Omnicorp
1140003549,Clay Hero
1140003520,Salt Lake
1140003558,Soviet Lad
1140003561,Petong
1140003563,Exit to Nowhere
1140002687,High Estate
1140003507,Homme de Loi
1140003610,Selkirk
1140003020,Sheikh Albadou
1140003611,Mujadil
1140003513,Corporate Report
1140001214,Northern Jove
1140003517,Winrightt
1140003602,Silver Deputy
1140003592,Farma Way
1140003624,Topanoora
1140003620,El Prado
1140003626,Hula Chief
1140003678,Marignan
1140003675,Epervier Bleu
1140003731,Marauding
1120001484,ドラムタップス
1120001468,シャーラスタニ
1120001465,オペラハウス
1120001476,ヤマニンゼファー
1140003276,The Prime Minister
1140003005,Zafonic
1120001461,メジロマックイーン
1120001455,コマンダーインチーフ
1120001342,スプラッシュオブカラー
1120001467,リファーズウィッシュ
1120001420,ミスターアダムス
1120001464,コタシャーン
1120001451,ハンティングホーク
1120001483,ミオロベルティーノ
1120001482,サンゼウス
1120001449,アーミジャー
1120001439,ダハール
1120001471,ムービースター
1120001475,ヒシマサル
1140003196,Lion Cavern
1140003278,Strike the Gold
1120001447,オールドヴィック
1120001440,カンパラ
1140003198,Nabeel Dancer
1120001492,カリスタグローリ
1120001460,ミホノブルボン
1120001479,セントジョーンズ
1120001466,インナティフ
1140003186,St. Jovite
1120001450,シャンハイ
1120001453,カミノクレッセ
1120001442,ナルシスノワール
1120001384,タモノダンサー
1120001490,クラカゲオー
1120001445,ダイコウガルダン
1120001494,ミホノワカバ
1120001474,イブキマイカグラ
1120001452,シェイヴィアン
1120001485,ナヴァホバード
1120001478,アウトランセイコー
1120001462,レッツチャレンジ
1140003185,Linamix
1120001472,ヤマニンエンブレム
1120001481,ゴールデンゼウス
1120001463,ガレオン
1120001454,ロングニュートリノ
1120001426,モブワカコマ
1120001252,ジングウモアー
1140003328,Sky Classic
1140003327,Personal Hope
1140003006,Kingmambo
1140003628,Gilded Time
1140003630,Fly So Free
1140003632,Marquetry
1140003635,Honor Grades
1140003648,Rudimentary
1140003653,Pleasant Tap
1140002372,Doyoun
1140003650,Mountain Cat
1140003274,Alydeed
1140003694,Regal Classic
1140003230,Briartic
1140003693,Belong to Me
1140003568,Ascot Knight
1140003695,Second Set
1140003696,Saddlers' Hall
1140003697,Dilum
1140001762,Naevus
1140003698,Technology
1140003723,Aloha Prospector
1140003720,Deerhound
1140003719,Diablo
1140003724,Show Dancer
1140003716,Skip Trial
1140003726,Future Storm
1140003482,Brief Truce
1140002366,Skywalker
1140003454,Sultry Song
1140003505,Taufan
1140003737,Rainbows for Life
1140003771,Horatius
1140003744,Defensive Play
1140000949,Northern Prospect
1140003764,Mukaddamah
1140003747,Puissance
1140003749,Conquering Hero
1140003750,Forzando
1140003752,Tenby
1140003759,Statoblest
1140003767,Turgeon
1140003763,Tel Quel
1140003777,Along All
1140003780,Two Timing
1140003783,Tunerup
1140003790,Twilight Agenda
1140002536,Ferdinand
1140003794,Fortunate Prospect
1140003815,Interprete
1140003621,Marju
1120001520,サクラバクシンオー
1120001513,ラストタイクーン
1120001542,フジキセキ
1120001522,トウカイテイオー
1120001512,ファーディナンド
1140003453,Brocco
1120001503,エルハーブ
1120001505,ヴィジョン
1120001538,ウイニングチケット
1120001525,ホワイトマズル
1120001509,ビワハヤヒデ
1120001495,グルームダンサー
1120001514,アルカング
1120001504,ソヴィエトスター
1120001507,アフリート
1120001511,フレイズ
1120001524,ダミスター
1140003457,Strolling Along
1120001535,ナイキゴージャス
1120001510,パラダイスクリーク
1120001497,シルヴァーエンディング
1120001540,スーパーシンザン
1120001531,ラシアンゴールド
1120001498,スターオブコジーン
1120001527,ホワイトストーン
1120001523,マンジュデンカブト
1120001521,ダイナマイトダディ
1120001413,タケデンビクトリー
1120001534,アストロゲート
1120001515,ビーフロスト
1120001435,シアトルヒーロー
1120001499,ヴァレンティ
1120001533,メジロパーマー
1120001519,グレートホープ
1140003452,Dehere
1120001488,コガネパワー
1120001526,オンワードファラオ
1140003456,Septieme Ciel
1140003455,Mane Minister
1120001536,リアルボーイ
1120001377,アルバートロックス
1120001530,イタリアンカラー
1120001528,トウショウフリート
1120001359,カツトクシン
1140002877,Surumu
1140003481,Grand Lodge
1120001549,オースミロッチ
1120001506,レコーダー２
1140003669,Always Fair
1140003804,Storm Boot
1140003679,Colonial Affair
1140003830,Holy Bull
1140003835,At Talaq
1140003836,Naturalism
1140003859,Wallenda
1140003867,Secret Hello
1140003872,Bigstone
1140003912,Twining
1140003913,Peteski
1140002218,Great Above
1140003682,Premiership
1140003926,Sea Hero
1140003690,End Sweep
1140003929,Pentelicus
1140003930,Citidancer
1140003931,Iron Courage
1140003933,Roanoke
1140003483,Boundary
1140003952,West by West
1140003955,Bold Executive
1140003957,Shotiche
1140003958,Mi Cielo
1140003948,Dixie Brass
1140003436,Acatenango
1140003979,Turtle Island
1140003962,College Chapel
1140003883,Catrail
1140003964,Lahib
1140003670,Wolfhound
1140003001,Barathea
1140003965,Namaqualand
1140003888,Sanglamore
1140003990,Forest Wind
1140003894,Candy Stripes
1140003722,Native Prospector
1140003993,Up and At'em
1140003907,Saumarez
1120001557,カーネギー
1120001560,ティンバーカントリー
1120001558,オジジアン
1120001554,ジェネラス
1120001550,サンシャインフォーエヴァー
1120001551,フォーティナイナー
1120001588,デインヒル
1140003684,Take Me Out
1120001553,ポリッシュパトリオット
1120001559,マイニング
1120001548,エイシンサンディ
1120001579,サクラチトセオー
1120001599,サマーサスピション
1120001591,ロイヤルアカデミー２
1140003685,Llandaff
1120001596,タヤスツヨシ
1120001547,エイシンオーシャン
1120001589,ワージブ
1120001578,マチカネアレグロ
1120001595,スキーキャプテン
1120001565,ナリタタイシン
1120001587,ジェイドハンター
1140003673,De Niro
1120001593,ティッカネン
1140003118,Unfuwain
1120001556,ミシル
1140003658,Thunder Gulch
1120001584,クエストフォベスト
1120001581,ルーブルアクト
1120001586,ハイエステイト
1120001577,ヒシアリダー
1140003672,Lammtarra
1120001419,バトルイニシャチブ
1120001576,ヘラクレス
1120001431,アエロプラーヌ
1140003671,Arazi
1140003657,Go for Gin
1140003797,Sports View
1120001590,パレスミュージック
1140003686,Brunswick
1120001600,キョウワアリシバ
1140003689,Supremo
1140003660,Tabasco Cat
1120001469,ミスターダンデイ
1120001571,トウケイニセイ
1120001572,タヤスレミグラン
1120001496,オンユアサイド
1120001568,ナリタハヤブサ
1120001562,メイショウホムラ
1140003659,Bahri
1120001567,エプソムアシュラ
1120001243,ケイコバン
1140003873,Deploy
1140004018,Virginia Rapids
1140004022,Devil His Due
1140003839,Southern Halo
1140004031,Lake Coniston
1140001332,Akarad
1140004047,Hernando
1140003861,French Deputy
1140004075,American Chance
1140004081,Mr. Greeley
1140004093,Cherokee Run
1140004099,Robin des Pins
1140004100,River Special
1140004102,Robyn Dancer
1140003629,Private Terms
1140004113,Dolphin Street
1140004115,Real Shadai
1140004116,Magical Wonder
1140004117,Jade Robbery
1140004118,Distant View
1140002939,Carr de Naskra
1140004096,Shuailaan
1140004101,Not For Love
1140004114,Vettori
1140004119,Ghazi
1140004122,Valiant Nature
1140004123,Boone's Mill
1140004124,Olympio
1140004039,Chimes Band
1140004126,Foxhound
1140004120,Montbrook
1140004121,Rizzi
1140004142,Sword Dance
1140002778,Moscow Ballet
1120001611,ウォーニング
1120001637,エーピーダンサー
1120001614,ダンスインザダーク
1120001615,テンビー
1120001622,ナリタブライアン
1120001621,ペルジノ
1120001629,スターマン
1120001607,ソウルオブザマター
1120001601,シアトルダンサー２
1120001608,ラムタラ
1120001620,ペンタイア
1120001610,ハートレイク
1120001633,アレアズマ
1120001631,ネーハイシーザー
1120001623,マイシンザン
1120001642,ベストタイアップ
1120001630,ナイスネイチャ
1120001529,ヤマニングローバル
1120001604,ジョリーズヘイロー
1120001618,ダンツシアトル
1140003841,Honour and Glory
1120001563,バンダムザク
1120001617,トロットサンダー
1120001634,マルブツセカイオー
1140003845,Halling
1120001619,ザグレブ
1140003840,Unbridled's Song
1140003893,Peaks and Valleys
1120001640,フジヤマケンザン
1140003863,Hennessy
1120001573,マチカネタンホイザ
1120001609,フィールドボンバー
1140003884,Ashkalani
1120001636,セキテイリュウオー
1120001606,ムッシュシェクル
1120001626,アイルトンシンボリ
1120001583,ダンシングサーパス
1120001645,スーパーライセンス
1140003891,Dernier Empereur
1120001641,ナカヤマストーム
1140003895,Celtic Swing
1140003862,Wekiva Springs
1140004042,Hishi Masaru
1140004145,Mutakddim
1140004180,Lure
1140004065,Grindstone
1140004095,Unaccounted For
1140004157,Talkin Man
1140004166,Roar
1140003729,Deposit Ticket
1140004167,Numerous
1140004190,Afternoon Deelites
1140004213,Birdonthewire
1140004234,Peruvian
1140004247,Valid Wager
1140004244,Irgun
1140004249,Petionville
1140004063,Saint Ballado
1140004280,Bin Ajwaad
1140004048,Lit de Justice
1140004242,Mister Baileys
1140004243,Forest Wildcat
1140004252,Concern
1140004253,Lite the Fuse
1140004257,Torrential
1140003688,General Meeting
1140004258,Pioneering
1140003892,Mark of Esteem
1140004062,Spectrum
1140004297,Flying Spur
1140003890,Charnwood Forest
1140004300,Eagle Eyed
1140004335,Balleroy
1120001657,ジェニュイン
1120001664,エリシオ
1120001675,マヤノトップガン
1120001652,エアダブリン
1120001670,シンコウキング
1120001659,フサイチコンコルド
1120001655,ブラッシングジョン
1120001663,ピルサドスキー
1120001653,ブラックタイアフェアー
1120001688,サニーブライアン
1120001658,バブルガムフェロー
1120001680,タイキブリザード
1140004061,Benny the Dip
1120001672,マーベラスサンデー
1120001665,サンデーウェル
1120001667,サクラローレル
1120001656,アラジ
1120001661,ヒシアケボノ
1120001676,ライブリマウント
1120001691,ライブリーワン
1120001669,エイシンワシントン
1120001654,ホークスター
1120001674,ケントニーオー
1120001690,ダンシングパートナ
1120001647,テイエムジャンボ
1120001671,トーヨーリファール
1140004067,Mystery Storm
1140004044,Smart Strike
1120001673,ゼネラリスト
1120001681,モーストリヘロー
1120001651,サンシャック
1140004034,Jeune Homme
1140004033,Dr Devious
1120001687,マルタカトウコウ
1140004046,Dumaani
1140004045,Boston Harbor
1120001684,ヘイセイシルバー
1140004050,K.O. Punch
1120001605,ハヤトラ
1120001677,レオンプライド
1120001683,ユウトウセイ
1140004069,Singspiel
1140004068,Pulpit
1140004070,Spinning World
1140004064,Atticus
1120001434,トモエアレックス
1120001689,ユウキサンデー
1120001685,ブルーファミリー
1120001598,タイキウルフ
1120001649,エックスコンコルド
1120001648,アサクサゴーフル
1120001682,ニホンピロプリンス
1120001508,ニホンピロカラカ
1140004194,Langfuhr
1140004316,Siphon
1140004327,Gold Fever
1140004328,Chequer
1140004329,Smoke Glacken
1140004326,Geri
1140004338,Northern Spur
1140004343,Sir Cat
1140004340,Captain Bodgit
1140004361,Editor's Note
1140004399,Revoque
1140004390,Marlin
1140004418,Timber Country
1140004413,Golden Gear
1140004426,Alphabet Soup
1140004408,Louis Quatorze
1140004452,Entrepreneur
1140004147,Desert King
1140004189,Miner's Mark
1140004427,Lord Carson
1140004425,Maria's Mon
1140004455,Kayrawan
1140004456,Our Emblem
1140004436,In Excess
1140004471,Blu Tusmani
1140004476,Fuji Kiseki
1140004477,Octagonal
1120001699,ミシエロ
1120001724,サンダーガルチ
1120001700,タイキシャトル
1120001709,ゼンノメイジン
1120001696,スズカストリート
1120001714,ビワタケヒデ
1120001721,チーフベアハート
1120001708,マイネルスマイル
1120001723,ディアブロ
1120001710,アグネスカミカゼ
1120001702,ロイヤルタッチ
1120001704,オースミタイクーン
1120001695,ハウスバスター
1140004204,Deputy Commander
1120001698,ホークアタック
1120001715,ワイルドブラスター
1120001722,アマジックマン
1120001703,エルウェーウィン
1120001693,ウイニングウエイ
1120001717,オフサイドトラップ
1120001712,サンデーブランチ
1120001716,オースミメダリスト
1120001713,ビコーペガサス
1140004229,Swain
1140004212,Pennekamp
1120001705,サクラケイザンオー
1120001706,シアトルスズカ
1120001594,カルラネイチャー
1120001694,イシノサンデー
1120001707,デュークグランプリ
1140004221,Iskandar Elakbar
1140004210,King of Kings
1120001666,ヤシマソブリン
1140004224,Apollo
1140004208,Joyeux Danseur
1120001566,トミシノポルンガ
1140004227,Peintre Celebre
1140004228,On Target
1140004209,Dare and Go
1120001711,ヒカリバオー
1120001726,グルメフロンティア
1120001701,トーホウキング
1120001678,プレザント
1120001727,イブキフロンティア
1140004207,Arch
1120001697,メジロディザイヤー
1120001720,ファイヴナカヤマ
1140004206,Averti
1140004195,Gentlemen
1140004339,Sunday Silence
1140004360,Brian's Time
1140004409,Tale of the Cat
1140004493,Tamarisk
1140004489,Desert Prince
1140004481,Grand Slam
1140004230,Awesome Again
1140004220,Coronado's Quest
1140004501,Touch Gold
1140004498,Out of Place
1140004205,Skip Away
1140004541,Secret Savings
1140004561,Valid Expectations
1140004534,Indian Charlie
1140004406,Bertrando
1140004542,You and I
1140004532,Distorted Humor
1140004533,Subordination
1140004551,Favorite Trick
1140004557,Open Forum
1140004539,Wild Rush
1140004535,Cape Town
1140004538,Dr. Caton
1140004565,Danehill Dancer
1140004572,Defrere
1140004564,Miesque's Son
1140004581,Snippets
1120001754,スピニングワールド
1120001753,ドリームウェル
1120001736,トワイニング
1120001769,ブロッコ
1120001734,エルコンドルパサー
1120001752,デヒア
1120001741,ジェリ
1120001743,スペシャルウィーク
1120001737,トレジャーアイランド
1120001757,タイキシャーロック
1120001773,バトルライン
1120001760,ミシックトライブ
1140004349,Sri Pekan
1120001735,ミラクルアドマイヤ
1140004404,Banker's Gold
1120001738,オース
1120001733,ハンセル
1120001742,エアジハード
1120001768,エンドスウィープ
1120001747,タックスパラダイス
1120001774,ボストンタイカン
1120001748,エムアイブラン
1120001777,マイヨジョンヌ
1120001744,キョウトシチー
1120001749,プレミアムサンダー
1120001750,アブクマポーロ
1140004396,Second Empire
1120001759,コロニアルアッフェアー
1120001765,トップシャイアン
1140004407,Charismatic
1120001751,タイキフォーチュン
1120001746,グリーンアプローズ
1140004429,Croco Rouge
1140004416,Artax
1120001758,フサイチブライアン
1120001778,ミスタートウジン
1120001745,チアズサイレンス
1140004397,Daylami
1120001766,ユウセンショウ
1120001762,シンコウウインディ
1120001662,シャマードシンボリ
1140004478,General Monash
1140004578,Count the Time
1140004583,Exploit
1140004403,Forestry
1140004590,Crafty Friend
1140004589,Elusive Quality
1140004600,Orpen
1140004602,Pivotal
1140004509,Victory Gallop
1140004524,Anabaa
1140003406,Garde Royale
1140004611,Poliglote
1140004616,Stravinsky
1140004415,Silver Charm
1140004656,Gold Brose
1140004666,Menifee
1140004641,Wild Zone
1140004552,Formal Gold
1140004664,Sea of Secrets
1140004665,Bianconi
1140004668,Old Trieste
1140004683,Compton Place
1140004621,Horse Chestnut
1140004522,Real Quiet
1140004675,Mud Route
1140004679,Tactical Cat
1140004670,Mazel Trick
1140004669,Comic Strip
1140004687,Dance Brightly
1140004680,Fasliyev
1140004686,Danewin
1140004676,Hail Bold King
1140004682,Souvenir Copy
1140004692,Arena
1140004688,Major Impact
1140004741,Redoute's Choice
1120001791,グラスワンダー
1120001808,スピードワールド
1120001829,パントレセレブル
1120001799,マイネルラヴ
1120001785,クロコルージュ
1120001793,タバスコキャット
1120001814,オースミジェット
1120001784,ローゼンカバリー
1120001809,フサイチソニック
1120001790,アグネスワールド
1120001801,キングヘイロー
1120001796,フレンチデピュティ
1120001782,サフロンウォルデン
1120001783,アドマイヤベガ
1120001817,マルターズライオン
1120001798,メジロブライト
1120001800,マチカネフクキタル
1120001779,ワレンダー
1120001767,ユートカイザー
1140004503,Fusaichi Pegasus
1120001834,ミッドナイトベット
1140004504,Lemon Drop Kid
1140004631,Diktat
1120001828,コマンダーコリンズ
1140004523,Giant's Causeway
1120001813,シルクジャスティス
1120001822,ウェイオブライト
1120001786,スキャターザゴールド
1120001795,ストローズクリーク
1120001816,ビッグサンデー
1120001821,ヘネシー
1120001825,グレートサクセス
1120001827,アイランドキング
1120001810,トーヨーシアトル
1120001811,メイセイオペラ
1120001780,ハイライズ
1120001797,ヤシマジャパン
1140004497,Montjeu
1120001819,リキアイワカタカ
1120001833,ミスズシャルダン
1120001824,ガルウイング
1120001812,マイネルプラチナム
1120001470,ラジヤマハール
1120001815,タイキエルドラド
1120001804,ラガーレグルス
1120001803,マキシムトライ
1120001807,ホッカイルソー
1120001806,ダイタクサージャン
1120001823,ワシントンパイザー
1120001838,スキャット
1120001763,リンデンパッション
1120001832,アサカホマレ
1120001789,ロードメイプル
1120001835,ユメノセテコウユー
1120001787,タイガーチャンプ
1140004591,El Condor Pasa
1140004592,Grass Wonder
1140004699,More Than Ready
1140004705,Stephen Got Even
1140004702,War Chant
1140004708,Cape Canaveral
1140004714,High Yield
1140004701,Cat Thief
1140004749,Precise End
1140004758,Stormin Fever
1140004762,Straight Man
1140004727,Dixie Union
1140004793,Vicar
1140004791,Commendable
1140004739,Agnes World
1140004796,Greenwood Lake
1140004603,Sinndar
1140004506,King's Best
1140004808,Docksider
1140004809,Chester House
1140004822,King's Theatre
1140004700,Yankee Victor
1140004814,Running Stag
1140004778,Friendly Lover
1140004767,Golden Missile
1140004431,Polish Numbers
1140004813,Danzero
1140003381,Zeditave
1140005369,Green Perfume
1120001854,キャプテンスティーヴ
1120001851,ボストンハーバー
1120001891,イクエーション
1120001876,アドマイヤボス
1120001858,テイエムオペラオー
1120001872,ステイゴールド
1120001878,デザートキング
1120001847,アグネスタキオン
1120001853,クロフネ
1120001881,ウイングアロー
1120001868,ニューイングランド
1120001873,ブラックタキシード
1120001890,クリプティックラスカル
1120001848,サンプレイス
1120001862,ダイワテキサス
1120001850,バチアー
1120001879,ムタファーウエク
1120001880,シーロ
1120001888,ヴィクトリースピーチ
1120001857,マイネルマックス
1120001849,ブラックホーク
1120001860,メイショウドトウ
1120001884,オリオンザサンクス
1120001852,クリスザブレイヴ
1120001887,フィールドアスカ
1120001864,アントレプレナー
1120001883,ウィズダム
1120001874,ダイタクヤマト
1120001668,ルイボスゴールド
1120001875,ダンディコマンド
1120001859,メイショウオウドウ
1120001863,セイウンスカイ
1120001885,マサラッキ
1140004632,Josr Algarhoud
1140004605,Galileo
1140004638,Fantastic Light
1120001845,ジェットアラウンド
1120001889,シンボリスウォード
1140004624,Royal Anthem
1140004636,Aptitude
1120001895,アケボノ２
1120001882,カリブカフェ
1120001761,コンサートボーイ
1120001870,フィガロ
1140004626,Tiznow
1120001871,ノースエアーポート
1120001886,シンコーユタカ
1120001842,サイレントハンター
1120001781,マルカダイシス
1120001844,ケイアイメガウルフ
1140004726,Point Given
1140005128,Broken Vow
1140005263,El Corredor
1140004738,Lomitas
1140005268,Kalanisi
1140005299,Gold Case
1140005396,Forest Camp
1140005394,Delaware Township
1140004754,Brahms
1140005410,Black Minnaloushe
1140005412,Trippi
1140005404,Songandaprayer
1140005403,Five Star Day
1140005417,Put It Back
1140005422,Yes It's True
1140005411,Successful Appeal
1140005413,Storm Creek
1140005431,Mozart
1140005423,Imperial Ballet
1140005425,Beckett
1140005433,Definite Article
1140005416,The Deputy
1140005426,Monashee Mountain
1140004141,Deputy Governor
1120001901,タニノギムレット
1120001900,スクワートルスクワート
1120001913,アドマイヤコジーン
1120001948,サザンヘイロー
1120001916,マンハッタンカフェ
1120001934,アメリカンボス
1120001940,ダイタクリーヴァ
1120001905,カリズマティック
1120001915,ナリタトップロード
1120001914,ジャングルポケット
1140004757,Tobougg
1140004745,Bertolini
1120001908,マリエンバード
1120001942,ゼンノエルシド
1120001911,デザートストーリー
1120001928,スエヒロコマンダー
1120001906,スウェプトオーヴァーボード
1120001922,トーホウエンペラー
1120001943,トゥナンテ
1120001923,エイシンキャメロン
1140004748,Lujain
1120001926,ヤマニンリスペクト
1120001920,キングオブキングス
1120001941,ニホンピロニール
1120001946,ワシントンカラー
1120001945,バイオマスター
1120001938,マチカネキンノホシ
1120001935,エアスマップ
1120001919,グレートデイン
1120001924,エイシンダンカーク
1140004746,Kayf Tara
1120001921,ロイヤルスズカ
1120001902,ディヴァインライト
1120001903,マックロウ
1120001925,ジョービッグバン
1120001936,ゴーカイ
1120001907,ウォーエンブレム
1140004712,Rock of Gibraltar
1120001944,トロットスター
1120001904,ロードアヘッド
1120001950,ボールドカリバー
1140004740,Buddha
1120001918,タガノサイレンス
1140004627,Cee's Tizzy
1140004737,Beat Hollow
1120001939,エアシャカール
1120001932,ドリームスプレッド
1120001931,ザカリヤ
1140004713,Traditionally
1120001937,スルーザワールド
1120001898,キョウワダイキチ
1120001831,ビークァイエット
1120001952,グレートサン
1120001947,クリスタルレコード
1140005293,Sakura Bakushin O
1140005295,Agnes Tachyon
1140005349,Invincible Spirit
1140004469,Cape Cross
1140005673,Officer
1140005674,Came Home
1140005679,Include
1140004801,Doneraile Court
1140005696,Vision and Verse
1140005285,Johannesburg
1140005737,Mizzen Mast
1140005664,Orientate
1140005795,Ecton Park
1140005808,Three Wonders
1140005806,Red Bullet
1140005805,Tiger Ridge
1140005830,Monarchos
1140005832,Stormy Atlantic
1140005833,Jump Start
1140005845,Danetime
1140005852,Sakhee
1140005853,Observatory
1140005834,Bernstein
1140005846,Formal Dinner
1140005847,Yonaguska
1140005840,Outofthebox
1140005859,General Nediym
1140005321,Hussonet
1140005861,Faltaat
1140005864,Van Nistelrooy
1140005865,Pentire
1120001976,アグネスゴールド
1120001966,ファルブラヴ
1120001981,アグネスデジタル
1120001961,コロナドズクエスト
1120001957,ワイルドラッシュ
1120001975,サウスヴィグラス
1120001973,ダンシングカラー
1120001954,ゴールドアリュール
1120001960,ショウナンカンプ
1120001964,シンボリクリスエス
1120001965,ムーンバラッド
1120001959,アラムシャー
1120001987,ラスカルスズカ
1120001953,ゴールドヘイロー
1120001991,スマートボーイ
1120001986,エアエミネム
1140005267,High Chaparral
1120001977,エイシンプレストン
1120001967,アッミラーレ
1120001989,テイエムサンデー
1120001962,グランデラ
1120001978,ヤマニンセラフィム
1120001974,ミレニアムバイオ
1120002001,スリリングサンデー
1140005286,Street Cry
1120001969,タイキファイヤー
1120001971,アグネスフライト
1120001958,ビーマイナカヤマ
1120001982,レギュラーメンバー
1120001972,カネトシガバナー
1120001963,ロサード
1140005378,Royal Applause
1140005376,Proud Citizen
1140005336,Mineshaft
1140005334,Talk Is Money
1140005332,Aldebaran
1140005333,Empire Maker
1140005335,Vindication
1120001998,ウインマーベラス
1120001992,ムガムチュウ
1140005314,Noverre
1140005351,Nayef
1120001968,スカイアンドリュウ
1120001988,シンコウスプレンダ
1120001995,ナイスベンゲル
1140005375,Zagreb
1120001929,シングンオペラ
1120002002,クリストワイニング
1140005358,Dr Fong
1120001970,ユーワファルコン
1120001718,レザームーン
1120001836,セリーセクレタリー
1140005739,Statue of Liberty
1140005750,Medicean
1140005763,Hold That Tiger
1140005842,Chief Seattle
1140005884,Harlan's Holiday
1140005885,Flatter
1140005890,Service Stripe
1140005873,Malibu Moon
1140005892,Macho Uno
1140005882,Kyllachy
1140005895,Choisir
1140005896,Hawk Wing
1140005894,Captain Rio
1140004706,Key of Luck
1140005925,Admire Vega
1140005758,Dubai Destination
1140005958,Lightnin N Thunder
1140005959,Snow Ridge
1140005926,Catbird
1140005947,Century City
1140005766,Sky Mesa
1140005966,Millennium Wind
1140005274,Alhaarth
1140005967,Castle Gandolfo
1140006030,Lonhro
1120002006,キングカメハメハ
1120002008,スターリングローズ
1120002024,プリサイスエンド
1120002014,サニングデール
1120002031,キッケンクリス
1120002010,シルバーチャーム
1120002004,ネオユニヴァース
1120002011,ダージー
1120002030,イーグルカフェ
1120002019,リージェントブラフ
1120002029,ノボジャック
1120002021,ツルマルボーイ
1140005779,Northern Afleet
1120002016,サクラプレジデント
1140005777,E Dubai
1120002017,ビワシンセイキ
1140005767,Smarty Jones
1140005765,Pleasantly Perfect
1120001861,レオリュウホウ
1140005762,Storming Home
1120002009,ノーリーズン
1120002025,ブレイクタイム
1140005768,The Cliff's Edge
1120002028,チョウカイリョウガ
1120002027,マンボノテイオー
1120002026,ジョウテンブレーヴ
1120001897,ゴールドヘッド
1140005710,Dalakhani
1140005712,Refuse To Bend
1120002005,メジロベイリー
1120002013,マジェスティック
1140005778,King Cugat
1140005711,Falbrav
1140004625,Smadoun
1140005764,Medaglia d'Oro
1140005776,Haafhd
1120001867,ナリタアトラス
1120001755,ツクバシンフォニー
1140005278,Green Tune
1120001984,サプライズパワー
1140005761,Monsieur Bond
1140005760,Kheleyf
1120002018,モルフェデスペクタ
1120002007,マイネルプリンス
1120002034,メガスターダム
1120002035,イシノナイト
1140005759,Exceed And Excel
1140004508,Lando
1120001996,デリケートワン
1140005970,Triple Buck
1140005980,Favn
1140005986,Olmodavor
1140005988,Zavata
1140005989,Decarchy
1140005934,Lion Heart
1140005999,Chapel Royal
1140006039,One Cool Cat
1140006042,Speightstown
1140006055,Dream Run
1140006056,Cuvee
1140006058,Pure Prize
1140006061,Kafwain
1140006045,Johar
1140006046,Whywhywhy
1140006048,Tapit
1140006052,Posse
1140006054,Soto
1140006066,Canadian Frontier
1140006091,Opera House
1140006071,Charge Forward
1140006074,Encosta De Lago
1140006090,Falvelon
1140006076,Bluegrass Spirit
1140005786,Action This Day
1140006093,Peace Rules
1140006099,Candy Ride
1120002046,マイネルセレクト
1120002050,ロージズインメイ
1120002077,シックスセンス
1120002055,トーセンダンス
1120002057,アドマイヤマックス
1120002058,ストラヴィンスキー
1120002062,アルカセット
1120002049,デュランダル
1120002065,タップダンスシチー
1120002051,ゼンノロブロイ
1120002063,バゴ
1120002068,チアズブライトリー
1120002054,カルストンライトオ
1140005915,Afleet Alex
1120002071,トーヨーヒリュウ
1120002066,ボーンキング
1120002064,アドマイヤドン
1120002043,ザッツザプレンティ
1140005877,Motivator
1120002045,スパイキュール
1120002042,ロイヤルウエスト
1120002015,ウエスタンメジャー
1120002053,ミスキャスト
1120002052,サンライズペガサス
1120002067,ダイタクバートラム
1120002056,ヒシミラクル
1120002047,ハギノハイグレイド
1120002072,ウインラディウス
1140005897,Oratorio
1140005898,Oasis Dream
1140005879,Tiger Hill
1140005918,Rock Hard Ten
1140005916,Saint Liam
1140005876,Azamour
1140005933,Dinyeper
1120002069,ウインデュエル
1120002003,カネツフルーヴ
1120002075,ブラウンシャトレー
1120002078,アポインテッドデイ
1120001802,キングオブダイヤ
1140005943,Kingsalsa
1120002041,クラキングオー
1140005878,Shamardal
1120002076,カオリハイパー
1120002061,カーム
1120002060,キングリファール
1140006018,Southern Image
1140006017,Consolidator
1140006112,Forest Danger
1140006026,Purge
1140006143,Whipper
1140006033,Footstepsinthesand
1140006138,Big Country
1140006139,Roman Ruler
1140006150,Tannenkonig
1140006165,Value Plus
1140006168,D'wildcat
1140006175,Medallist
1140006176,Najran
1140006177,Congaree
1140006181,Closing Argument
1140006169,Alke
1140006183,Leroidesanimaux
1140006188,Dubawi
1140006196,Snitzel
1140006202,Eurosilver
1140006204,Viscount
1120002086,ディープインパクト
1120002105,ファンタスティックライト
1120002094,タイムパラドックス
1120002080,リンカーン
1120002103,ロックオブジブラルタル
1120002083,テレグノシス
1120002098,アドマイヤジャパン
1120002102,デビッドジュニア
1120002081,スズカマンボ
1120002082,ルールオブロー
1120002093,ルゼル
1120002104,スニッツェル
1120002087,ソングオブウインド
1120002084,ハーツクライ
1120002088,オンファイア
1120002097,プレシャスカフェ
1120002090,ウォーターリーグ
1120002099,ネヴァーフォゲット
1120002096,ナリタセンチュリー
1120002091,バランスオブゲーム
1140006032,Shirocco
1140006028,Aragorn
1140006022,Monsun
1140006027,First Samurai
1120001899,ダイナマイトメール
1120002073,インターハイクラス
1140006025,Henny Hughes
1120002095,タガノマイバッハ
1120002106,ミツアキサイレンス
1140006024,Eddington
1120002085,カミノサイレンス
1140006041,Rockport Harbor
1120002023,エスプリシーズ
1140006040,Bernardini
1120002036,スズノミヤビオー
1140006157,Zenno Rob Roy
1140006124,Exchange Rate
1140006208,Bandini
1140006206,King Kamehameha
1140006207,Symboli Kris S
1140006224,Aussie Rules
1140006231,Unbridled Energy
1140006242,Bluegrass Cat
1140006266,Silver Train
1140006265,Sharp Humor
1140006269,Suave
1140006273,Woke Up Dreamin
1140006274,Benchmark
1140006277,A. P. Warrior
1140006276,Perfect Soul
1140006268,Giacomo
1140006278,North Light
1140006281,Camacho
1140005917,Ghostzapper
1140006279,Hurricane Run
1140006283,Artie Schiller
1140006284,Pomeroy
1120002115,シニスターミニスター
1120002132,メイショウボーラー
1120002119,ダイワメジャー
1120002120,ローエングリン
1120002117,ケイムホーム
1120002139,フォーティナイナーズサン
1120002121,アドマイヤムーン
1120002137,スタチューオブリバティ
1120002129,オレハマッテルゼ
1120002128,ザール
1120002142,ノボトゥルー
1120002144,クーリンガー
1120002116,ファスリエフ
1120002126,ディクタット
1120002134,タイキバカラ
1120002131,ストームファング
1120002127,ストーミングホーム
1120002135,シーキングザダイヤ
1120002114,サムライハート
1140006147,Invasor
1120002141,ローマンエンパイア
1120002123,アサクサデンエン
1120002133,ウインクリューガー
1140006158,Scat Daddy
1120002145,サブミーカー
1120002118,アポロキングダム
1120002122,シベリアンホーク
1140006144,Dylan Thomas
1140006108,Discreet Cat
1120002124,スターキングマン
1140006107,Any Given Saturday
1140006109,Street Sense
1140006106,Authorized
1120002022,ナスダックパワー
1120002092,アンクルスーパー
1120002143,ネーミングライツ
1140006145,Manduro
1140006105,Teofilo
1140005757,Dansili
1120002125,ダイワレイダース
1140006137,Hat Trick
1120002108,アグネスプラネット
1140006241,Half Ours
1140006240,Lawyer Ron
1140006291,Stevie Wonderboy
1140006293,Birdstone
1140006311,Master Command
1140006222,Hard Spun
1140006336,Flashy Bull
1140006321,Holy Roman Emperor
1140006326,Sabmykaa
1140006328,Tribal Rule
1140006332,Wildcat Heir
1140006319,Congrats
1140006340,War Emblem
1140006244,Corinthian
1140006341,Zamindar
1140006347,Nadeem
1140006205,Commands
1140006350,Friends Lake
1140006351,Perfectly Ready
1120002160,スズカフェニックス
1120002159,ブラックタイド
1120002172,チャクラ
1120002150,アルデバラン２
1120002152,アドマイヤジュピタ
1120002170,チチカステナンゴ
1120002155,モエレヴァチャス
1120002153,メイショウサムソン
1120002157,フサイチリシャール
1120002175,スマートカイザー
1120002165,パーソナルラッシュ
1120002158,サイレントディール
1120002169,ボーナスフィーバー
1120002136,シェルゲーム
1140006213,Doyen
1120002174,ロードアルティマ
1120002162,ジャイアントレッカー
1120002156,フサイチホウオー
1140006245,Notnowcato
1120002163,アドマイヤメイン
1120002177,コパノフウジン
1140006243,Big Brown
1140006232,First Defence
1140006233,Curlin
1140006253,Duke of Marmalade
1140006216,New Approach
1120002148,フサイチレオン
1140006228,Henrythenavigator
1120002167,タガノゲルニカ
1120002168,ナイキアディライト
1120002147,ジークエンブレム
1120002151,クワイエットデイ
1140006315,Muhtathir
1140006148,Gold Away
1140006354,English Channel
1140006357,Tiz Wonderful
1140006356,Midnight Lute
1140006364,Tamayuz
1140006390,Raven's Pass
1140006389,Limehouse
1140006391,Jungle Pocket
1140006255,Indygo Shiner
1140006413,Read the Footnotes
1140006411,Horse Greeley
1140006414,Ready's Image
1140006394,Fastnet Rock
1140006423,Majestic Warrior
1140006424,After Market
1140006502,God's Own
1120002208,ヨハネスブルグ
1120002188,ディープスカイ
1120002185,カンパニー
1120002202,スクリーンヒーロー
1120002196,マツリダゴッホ
1120002183,パイロ
1120002184,コンデュイット
1120002189,スウィフトカレント
1120002178,ヴィクトリー
1120002195,スリーロールス
1120002201,エイシンデピュティ
1120002191,コマンズ
1120002211,ゴールドキング
1120002190,ハイアーゲーム
1120002192,メイショウホウオウ
1120002187,モエレプルトス
1120002039,ゼンノドラゴン
1120002194,スマートギルド
1120002200,リキアイサイレンス
1120002186,アジュディミツオー
1120002209,テラノフォースワン
1140006298,Le Havre
1120002182,キョウワスプレンダ
1120002179,シルクフェイマス
1140006303,Kitten's Joy
1120002197,ヴリル
1120002180,トウカイワイルド
1120002204,トウカイエリート
1140006363,Sea The Stars
1140006409,U S Ranger
1140006429,Old Fashioned
1140006431,Stroll
1140006302,Zensational
1140006495,Parading
1140006498,Dunkirk
1140006494,Heatseeker
1140006501,Cowboy Cal
1140006504,Belgravia
1140006505,Tiago
1120002238,キンシャサノキセキ
1120002215,アドマイヤオーラ
1120002221,エンパイアメーカー
1120002237,ローレルゲレイロ
1120002216,カネヒキリ
1120002214,バトルプラン
1120002219,ハービンジャー
1120002220,ヴァーミリアン
1120002210,シルクハリアー
1120002224,マルカシェンク
1120002235,ロッコウオロシ
1140006385,Quality Road
1120002236,ピサノデイラニ
1120002226,ゴスホークケン
1120002222,トーセンファントム
1120002223,トーセンブライト
1120002233,ブレイクランアウト
1140006395,Lawman
1120002239,スーパーホーネット
1120002176,ゴールドロビン
1140006396,Arcano
1120002207,カミツキ
1120002232,ワイルドワンダー
1120002231,ワンダースピード
1120002234,リッカバクシンオ
1120002205,カフェオリンポス
1140006386,War Front
1120002228,ルースリンド
1120002229,サクラオリオン
1120002230,サクラゼウス
1120002193,エムオーウイナー
1140006375,Admire Don
1140006362,Makfi
1120002227,チェリークラウン
1120002218,ダノンゴーゴー
1140006479,Siyouni
1140006510,Lord of England
1140006512,Wiesenpfad
1140006513,Samum
1140006527,Blame
1140006528,Pioneerof the Nile
1140006532,Warrior's Reward
1140006536,Scipion
1140006552,Lord Shanakill
1140006568,Midshipman
1140006569,Munnings
1140006588,Tale of Ekati
1140006591,Getaway
1140006594,Lantana Mob
1140006317,Colonel John
1140006601,Desert Party
1140006581,Discreetly Mine
1140006602,Honest Man
1140006608,Into Mischief
1140006614,Beneteau
1140006615,Denman
1140006616,Sebring
1140006610,Paco Boy
1140006618,Majesticperfection
1140006619,High Cotton
1140006630,Onemorenomore
1140006634,Star Witness
1120002243,ワークフォース
1120002241,カジノドライヴ
1120002242,ドリームジャーニー
1120002252,ナカヤマフェスタ
1120002250,アサクサキングス
1120002247,キャプテントゥーレ
1120002164,トーセンロッキー
1120002245,トーセンモナーク
1120002246,ヴィクトワールピサ
1120002257,トーセンイマジゲン
1120002251,アンライバルド
1120002260,ビービーガルダン
1120002248,エーシンフォワード
1120002253,ベーカバド
1120002240,ダノンシャンティ
1120002254,サンライズバッカス
1120002258,エクラヴァンクール
1120002259,ミリオンディスク
1120002171,ネイティヴハート
1140006463,Uncle Mo
1140006476,Intense Focus
1120002256,バンブーエール
1120002255,オウケンマジック
1120002181,セイントアレックス
1120002249,サクラメガワンダー
1140006038,Iffraaj
1140006526,Regal Ransom
1140006571,Rip Van Winkle
1140006590,Champs Elysees
1140006519,Cape Blanco
1140006635,Gio Ponti
1140006583,Girolamo
1140006622,Kendargent
1140006624,Pour Moi
1140006625,Big Bad Bob
1140006626,Zoffany
1140006472,Poet's Voice
1140006649,Thewayyouare
1140006651,Dutch Art
1140006653,Lilbourne Lad
1140006648,Canford Cliffs
1140006675,Drosselmeyer
1140006676,Sidney's Candy
1140006678,Trappe Shot
1140006693,Soldier Hollow
1140006711,Archarcharch
1140006710,Tizway
1140006714,Temple City
1140006715,Noonmark
1140006718,Adios Charlie
1140006721,Kodiac
1140006722,Here Comes Ben
1140006550,Elusive City
1140006223,Street Boss
1140006727,Custom for Carlos
1140006729,Summer Bird
1140006734,Sepoy
1140006723,Ice Box
1120002267,ディープブリランテ
1120002276,キングズベスト
1120002261,アイルハヴアナザー
1120002268,ルーラーシップ
1120002284,トランセンド
1120002281,マンハッタンスカイ
1120002262,スマートファルコン
1120002272,フリオーソ
1120002274,トーセンホマレボシ
1120002273,アーネストリー
1120002279,リーチザクラウン
1120002271,エイシンアポロン
1120002266,サマーバード
1120002277,オウケンブルースリ
1120002283,ジョーカプチーノ
1120002270,ヒルノダムール
1120002275,ストリートセンス
1120002265,タートルボウル
1120002280,リッカロイヤル
1120002264,トビーズコーナー
1120002269,スズカコーズウェイ
1140006566,Tapizar
1140006561,To Honor and Serve
1140006549,Frankel
1120002282,キモンノカシワ
1140006582,Bodemeister
1140006570,Myboycharlie
1140006572,Mayson
1140006539,Creative Cause
1120002263,キタサンカムイデン
1140006712,Paddy O'Prado
1140006737,Excelebration
1140006739,Union Rags
1140006379,Bellamy Road
1140006743,Haynesfield
1140006740,Shackleford
1140006744,Super Saver
1140006749,Eskendereya
1140006796,Hansen
1140006797,The Factor
1140006793,Jimmy Choux
1140006798,Twirling Candy
1140006800,Overdriven
1140006799,Run Away and Hide
1140006802,Dominus
1120002293,エイシンフラッシュ
1120002304,ロジユニヴァース
1120002307,ヘニーヒューズ
1120002301,エスポワールシチー
1120002291,ローズキングダム
1120002294,オルフェーヴル
1120002290,ストロングリターン
1120002289,ノヴェリスト
1120002295,ロードカナロア
1120002302,スマートロビン
1120002317,スパロービート
1120002305,モンテロッソ
1120002306,ハードスパン
1120002312,ダイシンオレンジ
1120002308,マコトスパルビエロ
1120002296,トーセンロレンス
1120002300,フェデラリスト
1140006668,Shanghai Bobby
1120002299,ネオヴァンドーム
1140006645,Intello
1140006672,Dawn Approach
1120002309,ロードバリオス
1120002314,ダイシンプラン
1120002313,ダイシングロウ
1120002288,コパノジングー
1120002297,ネヴァブション
1120002303,フサイチセブン
1120002298,シルポート
1140006652,Acclamation
1120002278,サクラオールイン
1140006657,Orb
1140006709,Jimmy Creed
1140006699,Point of Entry
1120002311,バロズハート
1120002292,モルフェサイレンス
1140006782,Take Charge Indy
1140004470,Intikhab
1140006827,Al Kazeem
1140006825,Camelot
1140006826,Declaration of War
1140006875,Violence
1140006879,Emcee
1140006656,Spring At Last
1140006882,Overanalyze
1140006883,Justin Phillip
1140006888,Data Link
1140006669,Animal Kingdom
1140006889,Kantharos
1140006893,Swiss Spirit
1120002328,トーセンジョーダン
1120002320,ダンカーク
1120002326,トーセンラー
1120002329,ケープブランコ
1120002327,パドトロワ
1120002330,ジャスタウェイ
1120002341,サダムパテック
1120002331,ベルシャザール
1120002333,トゥザグローリー
1120002337,グランプリボス
1120002344,シビルウォー
1120002316,サウンドボルケーノ
1120002325,レッドスパーダ
1120002340,サンカルロ
1120002342,タガノロックオン
1120002319,ダノンバラード
1120002343,カフェラピード
1120002332,クレスコグランド
1120002347,ザサンデーフサイチ
1120002322,セレスハント
1140006774,Nathaniel
1120002324,ファーガソン
1120002348,メジロダイボサツ
1120002318,バーディバーディ
1120002323,デスペラード
1120002321,スマイルジャック
1140006767,Rio de La Plata
1140006775,Kingman
1140006768,Australia
1120002336,ヴィットリオドーロ
1140006769,Arakan
1140006647,Mastercraftsman
1120002315,オネストジョン
1140006828,Daiwa Major
1140006834,Orfevre
1140006835,Admire Moon
1140006836,Pyro
1140006837,Heart's Cry
1140006838,Just a Way
1140006840,Victoire Pisa
1140006820,Dark Angel
1140006898,Rulership
1140006444,Tanino Gimlet
1140006900,Casamento
1140006904,Lookin At Lucky
1140006910,Magician
1140006914,Graydar
1140006915,Noble Mission
1140006916,Deep Impact
1140006856,Will Take Charge
1140006921,Wilburn
1140006902,Verrazano
1140006939,Lope de Vega
1140006941,No Nay Never
1140006937,Dream Ahead
1140006938,Sea The Moon
1140006918,During
1140006919,Liaison
1140006958,Olympic Glory
1140006962,Itsmyluckyday
1140006964,Stay Thirsty
1140006965,He's Had Enough
1140006966,Central Banker
1140006970,Strong Mandate
1140006961,Smart Missile
1140006972,Cairo Prince
1140006973,Square Eddie
1140006976,Idiot Proof
1140006975,Lucky Pulpit
1140006981,Uncaptured
1140006987,Zoustar
1120002352,キズナ
1120002349,エピファネイア
1120002355,スピルバーグ
1120002363,ワールドエース
1120002387,アポロソニック
1120002356,リアルインパクト
1120002350,フェノーメノ
1120002369,ゴールドシップ
1120002371,タイセイレジェンド
1120002354,マジェスティックウォリアー
1120002383,アスカクリチャン
1120002364,ヴァンセンヌ
1140006849,Liam's Map
1120002374,グランデッツァ
1120002357,エスケンデレヤ
1120002361,ハタノヴァンクール
1140006851,Constitution
1140006847,American Pharoah
1120002370,カレンブラックヒル
1120002353,マジンプロスパー
1120002372,トゥザワールド
1120002366,コパノリチャード
1120002373,ノーザンリバー
1120002368,ニホンピロアワーズ
1120002386,コメート
1140006864,Hallowed Crown
1120002365,オーシャンブルー
1120002377,エーシンジーライン
1120002359,ガルボ
1120002362,ワンダーアキュート
1140006854,Honor Code
1140006855,Tonalist
1120002360,トウケイヘイロー
1140006865,Night of Thunder
1120002379,ラブイズブーシェ
1120002367,セイクリムズン
1140006858,Golden Horn
1120002385,ミキノバンジョー
1140006821,War Command
1120002384,グロリアスノア
1140006857,Ultimate Eagle
1120002334,ブリーズフレイバー
1120002358,グランシュヴァリエ
1120002378,エーシンモアオバー
1120002351,ウインバリアシオン
1140006819,Gleneagles
1140006993,Slade Power
1140006994,Muhaarar
1140006995,Adlerflug
1140006996,Carpe Diem
1140006943,Starspangledbanner
1140007001,Maclean's Music
1140006671,City Zip
1140006935,Sir Percy
1140007008,Race Day
1140007011,Algorithms
1140007012,Bullet Train
1140007064,Summer Front
1140007070,Fed Biz
1140007073,Competitive Edge
1140007065,Palace
1140007067,Shakin It Up
1140007069,Goldencents
1140007075,Tavistock
1120002398,ミッキーアイル
1120002397,モーリス
1120002396,マクフィ
1120002390,ドゥラメンテ
1120002395,リオンディーズ
1120002394,ラブリーデイ
1120002407,アジアエクスプレス
1120002391,ディスクリートキャット
1120002400,ダノンレジェンド
1120002405,エイシンヒカリ
1120002393,ダノンシャーク
1120002410,ホッコータルマエ
1120002408,バンデ
1120002418,ミュゼスルタン
1120002389,クリエイター２
1120002406,ハクサンムーン
1120002404,リヤンドファミユ
1120002402,トーホウジャッカル
1120002409,ヘニーハウンド
1120002417,ナムラタイタン
1140006950,Charm Spirit
1120002388,ゴールスキー
1120002403,ペルーサ
1120002412,クリーンエコロジー
1120002346,カゼノグッドボーイ
1120002399,エキストラエンド
1120002416,アロマカフェ
1120002419,ウエスタンゼウス
1120002401,ダブルスター
1140006953,Air Force Blue
1120002376,ケイアイドウソジン
1140006948,Bobby's Kitten
1140006923,Nyquist
1140006945,Free Eagle
1140006930,Garswood
1120002411,オールステイ
1140006949,New Bay
1140007020,Shalaa
1140007056,Gutaifan
1140007054,Territories
1140007077,Havana Gold
1140007080,Belardo
1140007038,California Chrome
1140007097,Runhappy
1140007096,Palace Malice
1140007112,Kizuna
1140007113,Lord Kanaloa
1140007118,Brazen Beau
1140007122,Exaggerator
1140007144,Danon Ballade
1140007117,I Am Invincible
1140007179,Upstart
1140007170,Khozan
1140007173,Mucho Macho Man
1140007174,Dialed In
1140007178,Mshawish
1140007180,Mikki Isle
1140007017,Reliable Man
1140006736,Savabeel
1140007191,Preferment
1140007193,Pride Of Dubai
1120002426,キタサンブラック
1120002429,ドレフォン
1120002427,サトノアラジン
1120002431,ザファクター
1120002441,シルバーステート
1120002425,イスラボニータ
1140007047,Frosted
1120002428,ロゴタイプ
1120002445,コパノリッキー
1120002454,ジュンツバサ
1120002436,ビッグアーサー
1120002338,ギンザグリングラス
1120002430,アメリカンペイトリオット
1120002438,マスクゾロ
1120002440,ワンアンドオンリー
1120002439,ラニ
1120002447,ディーマジェスティ
1120002442,アイファーソング
1120002437,ポアゾンブラック
1120002452,ルックスザットキル
1140007057,Mastery
1140006698,Fort Larned
1120002448,ドリームバレンチノ
1120002414,エーシントップ
1120002433,ヒラボクディープ
1140007055,Mukhadram
1120002444,トーセンレーヴ
1120002443,ヴァンキッシュラン
1140007015,Highland Reel
1140007049,Caravaggio
1140007029,Gun Runner
1140007016,Postponed
1140007058,The Gurkha
1140007031,Arrogate
1120002449,サドンストーム
1120002453,エーシンシャラク
1140007114,Ribchester
1140007201,Outstrip
1140007202,Bated Breath
1140007203,Fast Company
1140007139,Mohaymen
1140007207,The Grey Gatsby
1140007208,Hunter's Light
1140007216,Optimizer
1140007218,Classic Empire
1140007241,Almanzor
1140007288,American Freedom
1140007267,Practical Joke
1140007291,Lord Nelson
1140006009,Panis
1140007293,Klimt
1140007292,Connect
1140006578,So You Think
1140007296,Ocean Park
1120002469,タリスマニック
1120002481,レッドファルクス
1120002482,サトノクラウン
1120002458,リアルスティール
1120002486,ミッキーロケット
1120002459,デクラレーションオブウォー
1120002475,レーヴミストラル
1120002476,ファインニードル
1120002468,マインドユアビスケッツ
1120002485,シゲルカガ
1140007082,Justify
1120002460,シャンハイボビー
1120002461,ビーチパトロール
1120002472,グレーターロンドン
1120002471,ネロ
1120002463,ゴールドアクター
1120002462,ベストウォーリア
1120002497,スノードラゴン
1120002493,ダンスディレクター
1120002479,アグニシャイン
1120002474,ヤマカツエース
1120002483,サトノダイヤモンド
1120002466,レインボーライン
1120002491,ディープエクシード
1120002335,セレン
1120002484,インカンテーション
1120002494,ハギノハイブリッド
1120002464,ニシケンモノノフ
1120002488,クラウンレガーロ
1120002473,テイエムジンソク
1120002470,マクマホン
1140007100,Roaring Lion
1140007101,Saxon Warrior
1140007127,Mendelssohn
1120002457,バンドワゴン
1120002435,ゴドリー
1140007132,West Coast
1140007143,Wootton Bassett
1120002478,ディオスコリダー
1140006934,Showcasing
1120002465,サウンドスカイ
1120002456,レガーロ
1140007154,Bayern
1140007159,Always Dreaming
1140007160,Sharp Azteca
1120002490,レオアクティブ
1120002455,リッチーリッチー
1140007161,Expert Eye
1140007167,Oscar Performance
1120002451,グレイレジェンド
1120002489,キョウエイギア
1140007206,U S Navy Flag
1140007219,Good Samaritan
1140007262,Tapiture
1140007263,Collected
1140007299,Havana Grey
1140007240,Harry Angel
1140007300,Churchill
1140007301,Dandy Man
1140007274,Cracksman
1140007286,City of Light
1140007319,Bolt d'Oro
1140007320,Lea
1140007393,Mor Spirit
1140007394,Unified
1140007395,Tapwrit
1140007397,Free Drop Billy
1120002526,ホークビル
1120002513,シュヴァルグラン
1120002503,レイデオロ
1120002504,ブリックスアンドモルタル
1120002515,サトノアレス
1120002527,スワーヴリチャード
1120002518,ヘンリーバローズ
1120002501,ニューイヤーズデイ
1120002514,モーニン
1140007277,Twilight Son
1120002529,カリフォルニアクローム
1120002517,アルアイン
1120002502,アニマルキングダム
1120002528,ゴールデンバローズ
1120002523,エピカリス
1120002525,ロジャーバローズ
1120002505,サンダースノー
1120002522,ミッキーグローリー
1120002516,アドミラブル
1120002521,アポロケンタッキー
1120002524,ユアーズトゥルーリ
1120002509,ショウナンバッハ
1120002510,グァンチャーレ
1120002532,マルターズアポジー
1120002533,キングリオ
1140007232,Al Wukair
1140007204,Masar
1140007197,Too Darn Hot
1120002507,キタサンミカヅキ
1120002512,ヤングマンパワー
1120002506,ロンギングダンサー
1140007276,Invincible Army
1120002530,ゴールデンマンデラ
1120002520,スピリッツミノル
1140007284,Make Believe
1140007246,Omaha Beach
1140007210,Yoshida
1140007182,Neorealism
1120002415,カキツバタロイヤル
1120002537,タツゴウゲキ
1140007244,Catalina Cruiser
1140007275,Study of Man
1140007245,Good Magic
1140007347,Catholic Boy
1140007338,Blue Point
1140007273,Farhh
1140007399,Mitole
1140007404,Renat
1140007406,Soldier's Call
1140007402,Smooth Daddy
1140007423,Dundeel
1140007464,Capitalist
1140007478,St Patrick's Day
1140007480,Cajun Breeze
1140007483,Rey de Oro
1140007486,Army Mule
1140007491,The Autumn Sun
1120002543,ノーブルミッション
1120002565,サートゥルナーリア
1120002559,サイモンラムセス
1120002571,フォーウィールドライブ
1120002553,タワーオブロンドン
1120002561,ゴールドドリーム
1120002552,サングレーザー
1120002563,モズアスコット
1120002558,オーヴァルエース
1120002551,ウインブライト
1120002564,エポカドーロ
1120002562,ウォータービルド
1120002555,フィエールマン
1120002540,ルヴァンスレーヴ
1120002542,ナダル
1140007383,Tiz the Law
1120002556,ミスターメロディ
1120002545,アドマイヤマーズ
1120002560,ブルドッグボス
1120002575,ストーミーシー
1120002566,レッドベルジュール
1140007321,Authentic
1120002544,シスキン
1120002549,スマートオーディン
1120002547,アルバート
1120002554,キタノコマンドール
1140007334,Sottsass
1120002570,エタリオウ
1140007372,Ulysses
1120002568,ミッキースワロー
1120002546,ハッピースプリント
1120002548,サングラス
1140007363,McKinzie
1120002541,ダイシンサンダー
1140007348,Audible
1140007358,Not This Time
1140007308,Maximum Security
1140007309,Vekoma
1140007379,Protectionist
1140007021,Karakontie
1140007355,Improbable
1120002511,アレスバローズ
1140007417,Earthlight
1140007457,Vino Rosso
1140007384,Pinatubo
1140007496,Kameko
1140007418,Magna Grecia
1140007503,Volatile
1140007364,War of Will
1140007502,Game Winner
1140007585,Trapeze Artist
1140007595,Shancelot
1140007596,Thousand Words
1140007598,Complexity
1140007446,Tom's d'Etat
1140007603,Preservationist
1140007604,Accelerate
1140007606,Cloud Computing
1140007605,Global Campaign
1140007618,Exceedance
1140007615,Daaher
1140007608,Honor A. P.
1140007625,Farnan
1120002599,セイウンコウセイ
1120002601,ダノンプレミアム
1120002596,ダノンスマッシュ
1120002602,インディチャンプ
1120002582,ミスチヴィアスアレックス
1120002584,ヴァンゴッホ
1120002588,コントレイル
1120002592,サンライズソア
1120002603,タニノフランケル
1120002591,キセキ
1120002587,クリソベリル
1120002585,フィレンツェファイア
1120002595,マテラスカイ
1120002604,リオンリオン
1120002581,ベンバトル
1120002586,ダノンキングリー
1120002606,ワールドプレミア
1120002605,サトノジェネシス
1120002583,ポエティックフレア
1120002589,カフジテイク
1120002597,エンパイアペガサス
1120002598,シュウジ
1120002536,クワイトファイン
1120002569,オウケンワールド
1120002579,ロンドンタウン
1120002600,キャプテンキング
1140007449,Dragon Pulse
1140007414,St Mark's Basilica
1140007419,Zarak
1120002610,サトノインプレッサ
1140007448,Palace Pier
1140007434,Essential Quality
1120002590,ロジクライ
1120002614,ダイシンバルカン
1120002608,アスクピーターパン
1120002607,ゴルトマイスター
1120002611,テーオーヘリオス
1120002594,ミラアイトーン
1140007459,Disco Partner
1120002612,ハラモシュテソーロ
1140007704,Victor Ludorum
1140007709,Stay Inside
1140007463,Written Tycoon
1140007714,Ole Kirk
1140007508,Charlatan
1140007415,Daredevil
1140007723,Knicks Go
1140007528,Yaupon
1140007719,Beau Liam
1140007718,Mo Town
1140007717,Silver State
1140007593,Known Agenda
1120002578,コパノチャーリー
1140007510,Ghaiyyath
1140007120,Sioux Nation
1140007569,Lucky Vega
1140007629,Maxfield
1140007052,Dabirsim
1140007494,Maurice
1140007613,Modernist
1140007702,Leinster
1120002619,サリオス
1120002645,エフフォーリア
1120002635,チュウワウィザード
1120002629,インティ
1140007507,Flightline
1120002627,ケイティブレイブ
1120002617,ウィルテイクチャージ
1120002624,ステルヴィオ
1120002639,モンブランテソーロ
1120002628,マカヒキ
1120002618,カラヴァッジオ
1120002634,オメガパフューム
1120002638,マスターフェンサー
1120002632,アルクトス
1120002625,ジャンダルム
1120002637,パクスアメリカーナ
1120002615,ストラクター
1120002633,グローリーヴェイズ
1120002641,ワイドファラオ
1120002643,ホットロッドチャーリー
1120002621,カデナ
1120002609,リッキーボーイ
1120002647,アールスター
1140007734,Space Blues
